"","LakeID","ATTRIBUTE","WETLAND_TY","1984-06-25","1985-06-28","1985-10-02","1986-07-01","1986-07-17","1986-08-02","1986-08-18","1986-10-05","1987-06-02","1987-07-04","1987-07-20","1987-08-05","1987-08-21","1987-09-06","1987-09-22","1988-06-04","1988-07-22","1988-10-10","1989-06-07","1989-08-26","1989-09-27","1990-06-26","1990-08-13","1990-08-29","1990-09-14","1990-09-30","1991-07-15","1991-07-31","1992-08-02","1992-09-19","1993-06-18","1993-09-22","1994-07-07","1994-08-24","1994-09-09","1994-09-25","1995-06-24","1995-07-26","1995-08-11","1995-08-27","1995-09-12","1995-09-28","1995-10-14","1996-06-10","1996-06-26","1996-07-12","1996-08-29","1996-09-30","1997-06-29","1997-07-15","1997-07-31","1998-05-31","1998-07-02","1998-07-18","1999-07-05","1999-08-22","1999-09-07","1999-09-23","1999-10-09","2000-05-20","2000-06-05","2000-06-21","2000-07-07","2000-08-08","2000-09-09","2000-09-25","2001-05-23","2001-06-24","2001-08-11","2002-07-13","2002-07-29","2002-08-14","2003-05-29","2003-06-30","2003-07-16","2003-08-01","2003-09-02","2003-10-04","2004-08-03","2004-09-04","2004-10-06","2005-06-19","2005-07-05","2005-07-21","2005-08-06","2005-09-07","2006-06-06","2006-06-22","2006-07-08","2006-08-09","2006-09-10","2006-10-12","2007-06-09","2007-06-25","2007-07-11","2007-08-12","2007-08-28","2007-09-13","2008-07-13","2008-07-29","2008-08-30","2008-09-15","2008-10-01","2009-05-29","2009-06-30","2009-07-16","2009-08-17","2009-09-02","2009-09-18","2010-07-19","2010-08-04","2010-08-20","2010-10-07","2011-07-06","2011-08-23","2011-09-08","2011-09-24","2013-05-24","2013-06-09","2013-08-12","2014-06-12","2015-08-02","2015-09-19","2015-10-05","2016-06-01","2016-06-17","2016-07-19","2016-08-04","2016-08-20","2017-06-04","2017-07-06","2017-07-22","2017-08-07","2017-08-23","2017-09-08","2018-06-07","2018-07-09","2018-08-10","2018-09-11"
"1",1,"L1UBH","Lake",NA,69166.9592217267,75459.1945714384,56651.3268866831,77940.3058307959,79042.1573742506,69060.0853898404,73237.5618631868,80848.8637643236,NA,NA,79707.9352564744,78167.9473288422,77974.0564136988,79449.7141020536,69779.5347821304,65395.7331380583,74176.8421094599,80946.8753587134,60959.5473912128,58831.3830784196,79100.2965659532,75307.4990688117,66932.0355483004,80201.1771864782,79602.7024150482,80492.124847523,80307.8803469351,60760.6904879337,66733.7487670937,81619.8277472695,80715.9888965402,57801.4715121965,71106.005184917,69943.1521681651,71607.0241390611,80084.6227035275,NA,73626.5276458923,79042.9557502673,77340.7894567735,66510.291490525,78748.1101115118,NA,79452.9658504912,81800.6615344373,80202.2519847984,82030.4719659333,80018.3881769923,80274.1758751864,79446.3952177784,78526.5795796733,79577.2164390202,76563.2437618377,75412.1714590885,76194.7973353105,76288.2355925485,73760.4551157339,56517.7147605479,68889.7832625921,72806.391519049,75994.545039086,75943.8950061007,43943.5489422237,NA,72440.4693927413,75700.724077593,NA,72024.2514393352,74308.9983657603,75681.3658869041,75848.6062893297,78975.4202254848,74498.9269703539,75654.1005439874,76731.4126179771,76771.7670018424,77047.8890921082,74680.298145124,76742.071978916,79375.8694510276,NA,75803.7934683348,76158.5958671041,75567.0610158452,76842.7597124219,76217.2172326774,76541.9295969169,76339.339367395,74582.361702689,70764.3532058228,77052.6992229153,NA,73514.5441417234,74143.3567073091,74205.1735466849,72970.1443742292,73557.7781890278,75693.0423101024,75940.4149797291,65953.1133930229,73630.6030793862,NA,69703.5385427664,70596.3882726966,74081.1529121825,74653.4327421726,74972.6453454389,75532.6663973286,NA,77396.9379596091,77306.3146218325,NA,78543.33294371,80380.0722714362,78877.5271447192,81963.6985833136,57309.2040148353,80451.5477139199,79907.1284607218,NA,70575.9545170907,77211.9099198067,76415.2311413888,72304.9571011847,78665.497010823,NA,66352.752219256,55202.9021610727,73628.8656586103,75087.8440634736,71697.0802406107,72968.6433719705,64274.7099656699,NA,NA,71459.6653684404,73821.9468782247,65959.8545286272
"2",2,"L1UBHh","Lake",758379.476003179,724149.459522994,767951.95350388,NA,714661.134740854,738297.981545802,743112.95158524,776505.27507954,762877.323780108,745824.726816079,694648.127369459,753655.105004315,745906.285804474,754111.999332816,770241.882012439,760534.542405155,703709.554466402,NA,730488.910727976,743094.364305869,NA,765452.874807754,754904.497346526,594467.673866882,774817.28103732,756664.663707137,765875.172246884,775921.040937924,734931.032053177,727508.461677188,779302.433459811,770428.528673744,767985.990659486,NA,755598.559416998,776451.268305424,782781.545631475,NA,757396.159584454,770976.858131192,750663.123380957,755924.382237608,746289.562359395,785517.549650637,756687.938051065,794331.948718188,758592.032033154,777759.57457273,772483.660301572,786777.604604381,NA,781872.630589413,788741.979232176,775937.933264853,794923.240630025,789083.388211294,785952.500050206,762909.920412403,NA,774062.018273725,780124.8910425,775072.3998547,774468.715718975,500439.028508932,NA,772131.000469513,772273.442757473,646709.511027253,742918.108001536,738595.069988684,772057.84401337,759289.304022402,738845.625288242,737903.977165051,723621.867623526,716003.717797344,713407.282040468,732705.909100512,724729.381605259,749949.578376139,737653.989071594,NA,764591.729584851,771986.21217002,743670.461163133,751580.801806872,763801.941412598,762188.178676431,781987.018339931,719310.556083641,701053.567543387,781289.612750285,715786.380912522,681404.858704228,748565.311475631,716849.87087223,718424.440920842,NA,776783.271905634,746322.730757057,NA,739672.352045994,732630.144338181,753144.694726333,746225.604462871,750122.264401505,761559.97307196,770526.891430529,746016.453524594,766149.145633342,758448.132865422,766016.761221734,761070.431516821,769953.458145301,766851.873735886,NA,769967.365775544,704148.215965667,740010.121458166,754163.997901678,NA,784715.256809527,793058.023710181,NA,604779.2571287,755393.050829735,NA,774464.894894805,714800.08934851,754880.561788406,NA,744309.625682127,782981.97561731,664357.669348243,NA,NA,755410.149294252,754690.965125473,NA
"3",3,"L2ABFh","Lake",3639.98669879798,2762.12138620359,3681.89124354761,NA,2701.28052995116,3230.16077336883,3121.50965833012,3925.92771139519,1980.83742429853,2102.49479826119,2191.82785659566,2302.86782819188,2542.98161868318,2902.9018683247,2927.65707301186,1711.04665931646,1477.56724614915,1394.30743342381,803.652243345201,1642.88354651398,NA,2397.85553721772,2537.17633119607,1802.70650976079,2916.35836461466,3154.6429283601,3212.01209564107,3374.10977960114,3310.8879026294,4198.28421743919,3709.53735952829,4136.19695856413,3546.98502557457,NA,3057.7840771311,3380.3873244985,3307.03786845255,NA,3541.54608882478,3596.37735326151,4029.91926318146,3952.37930593317,3776.4705813824,4265.48037862975,3821.19958388828,4472.29273531421,4159.50904090795,3572.02069838441,3935.18997272649,3402.76375562671,3789.62210630134,3586.72987225144,NA,3796.65502540971,4171.31341254943,4061.84120176232,3888.03293377828,3938.47800351749,NA,3237.18639370186,3771.58316696589,3881.21355980426,3486.84161932686,1907.32268482483,NA,3815.18375915211,2565.26719875981,1747.64205669648,2437.80971612717,2619.33735730421,2870.24478376375,2575.22878310484,1359.05170882616,2027.61245437148,1958.19390550469,1798.20429410233,1863.92070651099,1917.49360003322,1801.70293737099,1853.00051595719,2346.40726988257,NA,2769.57924288644,2749.18879179616,2689.40560965819,2804.90521636137,2023.85574524949,3533.03994671525,3584.82888318199,2564.22169850916,2617.14894490805,3495.72102530907,2138.21678603182,1917.04832836646,2402.73783610323,2033.33525335089,2164.68143724338,NA,2329.19646889968,2627.90105932881,NA,2529.61024576367,2123.01144847714,654.068447488442,1746.46477022849,2729.63837768836,2840.72182567704,2688.80803137512,2711.3308728433,3036.15372332084,2914.06611901101,2492.66546598459,2070.61012295297,3003.95021131888,2618.32540709899,NA,2987.7354637425,1462.77455748928,1697.72519306178,1977.94023293665,NA,2717.68157215776,2770.77478996675,3330.05347079084,1396.11855095387,1979.27129655078,NA,1694.01493423305,1794.65400263092,520.237875785055,718.732184649942,1318.75299664034,1238.13691712702,1396.66137680652,NA,NA,2036.78220703806,2132.44048799955,NA
"4",4,"L2ABFh","Lake",8171.49069963614,6802.43783364859,3900.75134674428,NA,4871.68453333997,5175.36091251639,5261.98298025996,6882.25399454441,5079.87543461752,4849.01742813518,4454.63615803647,4826.64830323963,4370.69808521416,4975.5327274084,5101.19225841154,2605.04475653395,3590.03345280458,1772.59221139429,1269.06533989006,3356.65330032846,NA,3438.93356454456,5289.64229621411,2691.69914020113,4470.7827222946,4621.94568992474,7103.02095944773,6374.0500650454,8414.2964712909,8022.13603608903,8979.05649683449,8637.31729024688,7525.05043793743,NA,5620.25185838241,6162.66513952415,5728.71937973452,NA,6301.89998360217,6601.87961842018,6440.65358832545,6607.30094991795,6130.88664984208,9154.75943533787,9064.45010617752,9471.27281134565,7763.38805054089,6540.06680106081,NA,8921.49401638036,NA,10036.9787430186,9918.20120728435,9581.02087866851,9372.31130627506,8765.42654903893,8943.67658611995,8046.19120996481,NA,7081.69843327663,8414.78935817536,7959.69196851669,7844.03514981659,4217.26369492253,NA,7082.67506817914,5063.00540505666,4017.46901374905,5068.74160700585,3540.03386473491,4799.33700723774,5032.31229352742,3019.54420785949,3457.05715037811,3376.73645360796,4211.57457279218,3394.70441672543,3021.19910002346,2615.64555374882,3361.78350051451,3102.71802206885,NA,4095.65845521931,4620.75044186757,4483.52944285647,4920.86060191404,3197.7825266827,3314.79973163633,6414.29121764841,4859.89767785928,4123.19948535904,5995.0481519202,3578.02306555253,4450.93724290447,3890.19033627337,2971.57865216212,3050.97363692206,NA,5637.44429275188,4863.17644815575,NA,4200.06530876177,3021.88571069052,1784.14945115284,4399.45829008915,5407.58624850887,5931.20550973668,5521.70699884321,5261.23688845872,5810.98003149046,6107.91182431144,5180.08059623568,4148.169489698,6888.19863488137,5692.90288953763,NA,6016.57950683351,2568.61068654674,3061.22933043606,3878.37828071717,NA,4702.22410372143,3917.78939032672,4872.81195644961,1918.46350088033,3113.19508244927,NA,3501.36183572484,4170.98198186929,1237.58484834092,1392.08497850885,2408.98882000658,2488.91840259995,2574.04802895805,NA,NA,3057.95899222605,3430.01334193189,NA
"5",5,"L2ABGh","Lake",NA,90156.3826505112,87646.5671505838,NA,91079.8510727333,98378.6521473395,95005.2531434694,99619.2293222293,NA,88620.1189533038,79799.944145708,92489.2691452305,90500.0879371978,90526.5327834492,92238.1440465385,93650.8553410465,77363.499865348,80797.9128440913,92078.6169889009,93198.1734541124,NA,99067.4797771908,94910.2007849576,75838.5729624973,95980.0938868617,93396.4543355386,96695.7778301176,96382.4399929246,91262.0558073667,89862.2448144435,97354.2692419566,93828.5973000661,93310.7220271109,NA,87402.7704540491,88441.6085323988,98512.5782900133,NA,90504.0316445235,95205.6586038352,94465.2659114866,89657.6398892009,89238.6590500564,98937.0366968807,94365.9037093034,95222.9556688742,92695.8238216217,93621.1603222576,95403.7976562535,95231.1616958488,94866.5593699568,98547.7098865998,98978.181831811,93361.5911714912,100563.794843929,99149.2424531498,99722.7754761362,96280.2813291163,NA,96885.2049635179,94547.002983665,99869.3591392,97369.8379490714,56840.2615449807,96000.723970734,98473.9709565343,95171.8258195336,83799.6845861954,92906.4175103615,93894.6501048818,96135.1424386546,90451.1267289364,96755.4236413895,90982.9886105336,86909.421641854,93232.2046594599,89722.7504558113,92189.485655452,87108.2656154811,89743.34879493,79955.7050475042,NA,90269.6130580165,92064.871756103,76956.2525067983,75289.8458467262,87164.0590225701,NA,88981.6311535753,79608.8146789294,68575.3251604797,82765.6511547741,NA,76720.5217131591,78429.3096160712,71378.0773305643,64130.0609642192,48512.8174778369,98074.718641921,95434.0766510286,NA,94294.2940094451,92763.0597153203,98558.1072680462,93968.4432828257,98066.8371884245,97161.3804906328,94206.768173996,92785.1345443857,96513.6777549406,96068.8059828997,96645.3953362956,88862.5299395334,99417.4083781704,95363.1055662696,91854.9754746239,96316.5171161582,95367.2977579251,97355.1952722563,96496.4904762449,NA,101728.38768933,NA,103119.866148435,84070.1519706397,93173.900630436,NA,100178.661406098,91266.2435102406,101019.47691402,100422.678261017,98072.6982678213,101194.257823252,87487.6020939684,NA,NA,99451.4214297529,97077.5135446983,NA
"6",6,"L2USAh","Lake",695.660862836467,719.259285170826,525.044422427406,NA,572.60226541668,746.778531063553,663.945187560899,774.641630571601,502.883778164213,440.866499181913,405.984836022278,412.715396174388,371.660814322958,408.138500519578,388.657599576498,455.56326621435,175.656752913557,NA,161.96454912754,139.402300413545,NA,610.521184801622,738.677649511044,573.343903510541,667.705173270911,603.730243925217,707.05056033341,712.558989109311,1008.8273078283,867.198377079591,1032.70817955292,857.87439648389,964.038674748808,NA,659.612097603866,567.940855165306,739.912025536024,NA,740.088927201929,923.005199563284,791.186450319847,705.386125860291,682.528555073559,904.566465217414,978.264622683518,893.655574983366,676.339376683834,786.653968852649,877.045825750278,NA,965.723156468084,906.068559240629,1007.44077684389,871.886392751157,943.654714633253,978.670311999052,710.9623919757,862.738107780016,NA,700.048312235663,738.990242906446,734.170865022782,845.363698674,216.80136370327,NA,451.792744016161,429.37726961574,375.061215763035,263.604512247614,192.54786239775,234.751674472071,118.475325940071,62.0353817284407,224.829301392665,27.5681572357346,125.343740426284,11.0864306240263,3.82478431797362,7.16366407306483,11.0437359105639,6.41931782245367,NA,426.956102284791,313.439233301749,171.846377479685,228.535874168639,317.970179566954,403.446906886459,589.874474384636,583.506375847329,375.008614542804,523.819652661831,595.17086048202,443.298443350454,475.454045118958,318.756108596416,293.445417129396,NA,670.688646078795,546.014060904027,NA,495.955775662102,329.827674016974,445.937022488438,608.181773884121,675.80029125718,674.963106435818,643.529476864112,508.12088098008,626.751550346031,763.836104876745,607.086760380643,482.216135270909,657.337959403911,572.746376315911,NA,580.559278045308,657.984678605679,661.764204203624,474.384534137265,NA,723.59506741428,676.988567693781,695.637466349266,717.434250375278,729.159668138238,461.80808780012,538.568771811922,364.296236791727,313.036006509128,NA,371.03423641532,289.661674100912,252.141968340663,NA,NA,549.725024234261,412.339314438225,NA
"7",7,"L1ABH","Lake",2994.08541224801,3638.29907933316,3901.7934524502,3771.94710834511,3972.32425876947,3512.89734327193,3513.33907840963,3931.0937832527,3940.89891665581,NA,NA,3508.84278845312,3346.29386016682,3371.29857579498,3491.42719595451,4087.86773755939,2856.47635674561,3756.02611101524,2406.63425924225,5234.3115755709,3083.61803568057,2692.24527114909,2886.1815771448,NA,3121.28647187872,3117.89363283112,4022.32978792563,3979.06159380418,NA,3645.29290101607,2725.31178420233,3685.05215648982,3634.62168372451,NA,4242.38571828879,3863.03870260739,NA,NA,NA,3795.92705965928,4441.61017695741,3867.32845559345,4483.55845651614,4196.62848403933,4534.52348012609,4377.61826075546,4659.07637147046,NA,4031.12425849836,3923.69150057302,3907.60733919786,4860.41505103248,4105.1278730303,3725.64235781095,3851.68074259285,3699.68462540553,NA,3502.58789877756,NA,NA,3305.4996247602,2707.47094849581,3371.14537960604,2688.04560371208,NA,3821.93029277107,3421.16519894222,2852.59441937593,2842.99128219379,2932.28857022336,3231.2084951706,3036.6422918989,3598.52200732539,2998.72507464544,3064.61931997275,2759.53382992843,3099.13910451228,3488.67927786902,NA,3186.21057121085,3394.04510913755,NA,2642.71639458518,2837.64620271581,2823.62477167818,2872.02314818415,2714.94920662458,NA,2841.90918109268,2391.72900331585,NA,3400.62575996854,2069.99859637171,2568.62255943433,2845.58995216331,2775.2576508758,3133.15194930738,3292.94816326469,2603.30623273097,2625.73287469054,NA,3332.95430224059,3846.23301467022,3704.18287705648,3196.00865189697,2597.06580578014,3017.58308070835,3303.45272743048,3356.22350991928,3630.80509974392,NA,3620.93454600453,3843.41740579465,2996.82224298702,NA,3105.55279029705,3201.0960250344,3206.00544284842,2514.5787229473,2078.72082303104,2317.1098046485,2511.61397521138,3274.12453805762,3261.29527256049,2772.34634637008,3020.85223152526,2537.23355968769,3201.95970644359,3149.01925062214,2946.49999886464,2393.00532961535,2831.8015173409,2958.43190423254,3179.3401936943,NA,NA,2227.30888317681,2470.53655821176,3354.48480193684
"8",8,"L1UBH","Lake",31503.1586680954,32112.4667917452,30346.5285802861,31436.5991379824,32015.1811841983,32279.8267640294,31469.7056718113,31792.1912245311,30157.3880743016,NA,NA,31714.4066743037,31265.5475261869,32032.3370126023,32041.9481614516,31766.1629352598,31243.3648943681,31573.9628812217,NA,NA,30003.9724556074,31982.9453841288,32094.2850971851,NA,32636.6296868489,31996.5742762817,31333.4886793449,32275.5462273678,NA,30937.5162772863,31715.060225104,31623.9104240739,31402.781265021,NA,31331.6651500453,31764.5730402716,27006.209160783,NA,NA,32309.0156171139,32363.7780953483,32136.2127958302,31535.0155736325,31388.6231702744,30104.5345003515,31674.1985205408,31390.6162195333,NA,31172.3856860358,32000.1989488481,31829.9894162759,31596.0764597137,31903.2465642304,31527.9966263395,31827.8818117651,32442.4192244594,NA,31636.3559571008,NA,NA,31853.5223733297,31876.1366902356,31340.0110747862,26156.1522971198,19055.6334764273,32343.3393657312,31702.8310459112,27047.9415837857,31719.1090717587,31752.8399273691,31819.7227742687,31983.4183788436,31143.7951310946,31281.2631909247,31599.9903150148,31381.826029204,31756.1034529695,32149.9535476137,31281.1106517347,32356.0486905064,32176.8641861326,NA,31759.996499297,32120.7672021738,31889.2456697252,31838.3110907947,31425.7781036351,31023.6022242683,31845.5186754928,31200.708814051,NA,32167.635872004,30360.7877967272,29491.297118802,31503.9088401933,31144.7000420795,31279.056268152,31182.0863026993,31686.6090483546,31103.3406720342,NA,31352.6689982445,NA,30647.1582935884,31595.6971015033,31402.7254208603,31576.0253188226,31706.8093956716,31702.9670283669,31422.8504390471,NA,31282.0383178262,31795.077973529,31666.0524790758,NA,31094.213569544,32048.2035121145,30983.9834769538,32004.4045784729,30823.3552476313,32009.9139156011,30561.701232292,33005.9407788752,NA,32122.7168003547,32105.8861008704,31532.4987565105,32638.1516196911,32557.1838609856,32347.9911339656,32251.4325492881,31892.5158498528,32910.2226228388,29988.2324766736,28124.4483164331,NA,32248.2576323677,32618.7552410325,31780.6653501769
"9",9,"L1UBH","Lake",13207.8209846119,13418.0506834552,12944.632089712,13333.0162339716,13565.8403517286,13694.7071407728,13535.9859554375,13124.7787752225,13620.3669944217,NA,3823.43221588341,13116.8221986706,12924.0613529793,13181.6853839233,13086.5542421214,13333.6594965084,12444.8213370789,12951.6457634502,13099.8166638371,NA,11578.4288822546,12991.4885302565,13082.8524527839,NA,13045.4012675326,12325.3238924982,13219.5995195009,12993.5342541101,NA,12793.6977523089,13145.4492121051,12799.1120894211,12935.440743699,NA,13150.3211681662,12576.7022494772,NA,NA,NA,13148.7710791422,13357.223775499,12164.7240621432,13479.7968503837,13207.4347098471,13029.0664436784,12995.0353277414,12709.6376831945,11066.8886066828,7519.20643940011,13202.8015928872,13269.0549554478,13190.265373897,13440.7723354,13373.4575021117,13077.8334308115,13273.3152613273,NA,13567.3352696704,NA,NA,13485.2376137624,13109.9735714263,13098.0990591446,10986.3127838379,NA,13482.0949891388,13432.2733003498,11990.0655726225,13095.0902392388,13148.9671910992,13307.4709170244,13334.9377001336,13164.8404527198,13141.5034239882,13245.3612056556,12980.086655336,13294.2948974352,13038.5206307839,NA,13276.9195836164,13416.8352149668,NA,13144.6230258402,13366.9911003219,13300.0535567586,12945.5227125113,13450.5507568599,NA,13371.2673600979,11678.9902034278,NA,13468.9145343546,12613.9184236597,12604.8611748329,13106.9580175928,13141.4287731948,13216.248161132,13186.5519131774,12751.5290454477,13045.7181834842,NA,12988.6865163297,12982.6954638589,13476.2441327094,13250.056586692,13026.8606670779,12928.7732987532,13210.8358736024,12857.0807127258,12862.2880066814,NA,13051.2974406198,13207.2808829245,13205.1087662214,NA,12703.7772501552,12825.1090813514,13594.9609808973,13054.7743074895,12749.3003525029,12924.5071092905,12491.4388061405,NA,13589.3079780927,13488.211647763,13386.061461526,12950.9248706653,13467.7840467492,13504.244142172,13357.1512134356,12855.5580330547,13059.6519394106,13629.9422988032,12346.4063193628,11751.0979857658,NA,13293.6425283695,13382.2701872009,13088.0566212914
"10",10,"L1UBH","Lake",14005.3535865831,13110.0750761658,14517.8841216744,13884.3344499534,13784.0935588716,13778.875517883,14189.8113212045,NA,14065.5309086856,NA,NA,13469.5495617621,NA,14409.6783112344,14471.7335246605,14184.2365112772,12635.154361659,13352.680652969,14110.7707473722,NA,13134.5097941079,13716.1525053501,13521.9488706364,10383.8559106308,14065.7222853264,14389.3927641532,12904.4415356232,13604.1477831997,12984.0133584283,13620.6419785213,14158.5844889418,13703.3284170101,13587.930073477,13679.7326784338,13668.4751372376,14127.7326928485,13710.0955610057,NA,12579.7814987815,13786.9154021344,13780.0887964454,13446.7761250273,13632.6065519626,14027.6892705086,13386.5743287695,13020.7055368554,12649.2486958606,13964.6554975356,13571.3377227419,NA,NA,14062.4624935227,12859.07916331,13272.3534563924,13415.4114849949,14027.6957143367,13981.3888713105,13581.9840482736,NA,NA,13974.8327535781,13096.9479190803,13298.292048841,10704.0233470802,NA,13967.0819202463,14391.6056783635,12088.6304998016,13850.9344696233,13067.0296035418,13683.8164825057,14377.4488211686,14255.3485152198,13650.3851001189,1656.82747176327,14174.6261937583,13931.2595316525,14444.3522993024,NA,13990.7767376277,14484.0697387739,NA,12590.6285203729,14274.1046333791,14148.0987618734,14317.5175989526,14185.4183060347,NA,14160.1001622385,13915.78124015,13285.728545536,14570.1405031635,NA,12632.5622547284,13657.9155348604,14082.8129508243,14115.147950098,NA,13464.8756016647,13602.8597399714,13902.0167227037,13600.1872764182,NA,14255.2865722834,13549.1139883557,13644.710712548,13766.5644501959,13402.6215380237,14196.5761501604,13537.2403125503,NA,13677.0769618184,NA,13613.2830305878,13481.0861786415,13745.7039587329,14288.6194969598,14210.5689269627,14391.5181281401,14358.7001258534,11413.4901603134,13985.9482338267,NA,NA,13357.727962735,NA,13861.6502221094,14470.1233409263,14276.6160472374,14409.1427356579,14257.0194376079,14116.6094758861,14534.0638041697,13621.771523627,NA,NA,14317.7934091309,14331.1534925224,14724.9811701636
"11",11,"L1UBH","Lake",63625.0414345032,62313.8250700983,64438.1094454203,65550.053124884,66234.8094674997,65908.3762098306,64549.066282343,66704.3422860513,62237.5464310445,NA,NA,56641.1757525418,NA,58073.1099828852,54168.7359365282,NA,28561.6098486618,49970.8978274949,54535.3847121712,53550.1701226504,49297.6391919088,56760.3984727418,56638.1751269304,51601.6408690364,60017.3472784119,57633.2266408576,57506.9846255323,60001.6225744284,52835.6271326888,55934.7779121026,61140.0236497233,62517.0246812187,61355.1660025126,58484.6397360863,59605.3449879759,55473.4231228826,57342.2750071459,NA,58344.6761819421,62215.6414155792,61912.3170664774,54644.4399794847,60096.7714476045,65468.070439834,64523.529161197,65718.9741120842,63812.9861502327,NA,64893.4597648594,66096.5280884631,66498.8013626907,64774.3380864436,66173.0628074356,63950.7767626477,66918.2867802864,66469.7785093462,NA,64880.5490684908,NA,NA,65729.1244652077,65214.8817376395,64858.9366548487,47562.195918694,NA,65210.8865169385,61675.6690669023,55146.1036657436,60198.7929092704,55078.0814445461,58439.4335327179,57245.2231062811,56737.8483849406,51893.9627290869,46013.2708768195,49548.1493918091,45931.2204947335,45340.71592114,NA,34440.892305515,34233.5645524143,NA,25711.4983994211,18408.7121146831,13972.8619142382,10374.7978503057,40287.0440512897,34194.7761943597,36771.4354458752,26470.7797649161,15860.8870648709,22385.1278265029,33575.2122272957,24216.4274599699,19715.5558735045,10935.8371915964,13931.596663643,NA,34937.3959293798,29353.1329311026,NA,8735.60482816919,NA,40409.217478855,44919.3210281832,42978.0516176718,37199.5890857995,38497.4366647839,33946.4442124475,28819.1203481065,23742.5770763343,19483.0769734323,NA,50999.3969107463,35227.193998915,34555.8917686757,22946.2947389899,34480.5707395757,35183.77866148,18302.1128591481,47643.1745334585,28124.4699789319,37853.2038505604,48148.7300633595,40518.0922108434,38898.6789297639,33139.1336712735,27500.0898008618,22603.0515283159,44540.4442101658,39921.4516181538,36889.1838501283,34689.4182067907,30334.4541093419,26732.2396207656,60431.563094579,NA,58069.2544200216,55803.3882801154
"12",12,"L1UBH","Lake",24890.6461435176,23486.7409885642,24387.8140264158,24631.0659719908,25232.7273151285,24413.1069975299,24542.8876334651,NA,23911.6946251073,NA,NA,24401.3328784711,24524.8237805772,24406.8131128846,24071.4181631162,NA,17351.1371549221,22479.2839363374,23255.9265302542,NA,21703.6707039256,24099.9118230899,23825.6456858148,21220.0325273527,23723.0515911286,23393.6577051685,23451.6310624563,23377.1534736012,21490.855851577,22327.9008063365,24261.2003064309,24058.3619268207,23582.7410203381,22596.5202497662,22650.2709124868,23034.1981263046,23929.0671394436,NA,22073.3751947196,23709.9892316017,24324.4237548551,20185.6333528954,24083.1060566992,23583.7198967936,23195.1817744507,23154.9704862439,23539.1557735566,25477.59456019,24868.6331702423,24669.1168246828,24414.4152170745,NA,25325.7621202056,24740.0190188256,25117.2767982032,25209.49675251,NA,24846.9895995024,NA,NA,24599.0957589179,24376.148222966,24808.0229670799,17393.5037527648,NA,24921.5245822081,23711.8929929346,20586.7309500349,22773.6294586844,21564.0832156934,22972.2140038107,23250.3554908352,22017.0363688975,20223.4116919158,18573.0409142508,19579.8282946364,19422.1104422668,20026.0234931029,NA,19807.2397491268,20017.406630437,NA,18449.60013962,17882.5878804258,16600.8436847746,15179.6580961404,18681.0730715595,15287.4716509783,19756.2391929382,15947.1640923989,12823.600111496,17006.3145979805,17069.2055053517,14217.8262573241,14115.9075689625,10935.767327704,10171.2758755012,NA,17102.1897858016,15636.6295444844,7423.18367151159,11907.6486209799,NA,17019.3072345928,18352.5173125426,17760.7802754613,16108.8196041695,17816.9850987711,16393.6366608806,14786.2879614855,13646.3294228319,13942.5484238433,NA,19315.4162298822,15374.4450392272,15476.8503697534,9028.13558242917,NA,17401.1611228012,12150.6511065446,18623.261041248,11540.0781896838,16662.7927701913,NA,17346.278923937,17184.5656970421,14535.15358245,12593.774634381,10670.0814081085,18234.7102241594,16825.3461326956,16402.6867461346,15625.8990580903,13013.8006911083,12028.9663705842,21057.0662417722,25436.3203937024,19105.0397305578,19413.7511963777
"13",13,"L1UBH","Lake",10497.4101186736,10423.3283804978,10565.7982399118,10413.9894635243,10180.5135988148,10294.5353766789,10219.1009101983,10866.8184345785,10325.7226398988,NA,NA,10397.9797254624,8992.42729060298,10473.9453548613,10506.6747788157,10078.0000697688,9414.27961335056,10128.8612314152,10282.2317521686,NA,7671.82610679772,10273.3066652642,10430.2954883136,5980.28375330822,10368.2354420224,10222.7233192448,10127.1520699423,10407.570230936,9863.18658335917,10004.8893911184,10550.6818418619,10504.3593883629,10431.8501978195,10257.7641202324,10154.8165536479,10376.9868217774,10189.1101276306,NA,9929.85032476733,10258.327223819,10561.3816243424,8744.30191336417,10486.8199367855,10395.1822497732,9224.97953399709,10413.9450851029,10356.7212866162,10777.7026312471,10191.3286135189,10233.3398005791,10569.9528040673,10534.3653716453,10577.7204670099,10645.1089008242,10668.8112641792,10661.8454709998,10861.29738115,10693.558032407,NA,NA,10551.3031533802,10561.3082171903,10378.3173888667,7864.48738259414,NA,NA,10586.3397096777,8853.71440530164,10135.5408980346,9287.83285250196,10001.4583536936,9980.67792005832,10124.2065329156,9799.99464077807,9660.67637784039,9643.69748072437,9405.59959423997,9250.6843855303,NA,9261.9040433366,9233.59357975664,NA,8873.79391196325,8521.79260999051,8020.36007139035,7498.97601406028,9883.09047593715,NA,9802.51611748681,9256.85736169279,8344.01310210962,9243.05783079182,NA,8787.00467168435,8629.59834066675,8236.88541756271,7653.27245892987,6944.06847513676,9138.00181857428,8979.6183704891,NA,7054.3439438234,NA,9362.67012570278,8993.28536892135,9308.03621012014,8862.86449499226,8834.74841398028,8993.12905697632,9344.64891433361,9313.32797972565,9043.35302644984,NA,9794.79381351516,9162.11894139805,8967.44736753948,9364.89947761423,8921.17931745469,9373.59523672881,9750.1511459156,9337.96257121985,7911.48299083533,9372.85715659902,9440.63361026003,8880.09237574155,9238.19171541176,9224.54773691661,9491.36217890938,9235.72312783657,9416.24185371769,9587.51234467402,9589.84691853435,9607.58603899963,8744.21250530474,8314.90684138403,NA,9863.07937758345,9669.54006801577,9726.69387336167
"14",14,"L1UBH","Lake",39.780238816197,38.4598070966713,47.5991083514789,32.1314577720607,33.1095311884694,39.5739762791347,41.9211789366977,NA,41.3701765154806,NA,NA,35.3749941768902,45.6535342790841,38.8047552212369,46.3091403168934,35.3645916719705,41.0289212167828,NA,38.3731148470582,NA,47.2345255214566,37.4314376825853,43.2436181876713,NA,46.7712994497932,48.4191553516586,40.4160846810259,42.4345311087611,33.8426011927618,46.957751481108,38.0781555188119,45.2185071774414,37.0490794958071,39.3176298237772,NA,44.382214256282,38.3267673661084,NA,44.5943408030849,41.6194675048106,46.0907971342428,42.9900277790954,50.8038635864028,39.2350850065291,35.7944268939646,42.2310341032134,43.9145558677151,49.2161358010059,36.9165886907598,35.9391935305029,12.6388832646084,36.3649365210614,37.7892517995307,34.0234367538527,41.119803306905,42.3765718355946,42.8323784948605,48.7145982054337,NA,35.56060400618,37.4154733986883,35.0096727483459,36.4913427348644,24.4507558401104,NA,44.9190585921026,37.8781596723195,34.3208717578543,38.1101239603397,38.6229746339486,36.7231371684785,38.0862599079125,33.5163013857091,30.5084920735167,32.0757670396582,34.7250118127254,41.2356407740451,50.846809523092,36.9334609694457,45.5741770012768,46.2875968839917,32.8960099426666,35.9179666089287,28.7766425425927,33.6660735400135,40.748655860359,31.6940791460005,34.8426153353261,36.6426028964254,38.6807346151628,40.673512513804,49.2264630028665,35.7024182220068,29.8894151107024,27.4527937433934,39.5498729520482,42.3898675416844,42.8436034803093,34.1355669622483,40.1244120905692,NA,43.8734863343185,33.5832386040632,40.850223113864,32.8451343611011,30.5769472787253,41.4071615801253,45.44508655052,45.4235441663592,35.8004734473288,35.8820733452501,41.553602754855,NA,35.6737306658099,41.309272573538,43.2336825852688,45.6373070228462,39.3359805014518,38.3585066582451,40.727327881881,NA,36.1013029873363,48.780147189918,47.9726279158914,36.3644394256517,33.4072533962351,NA,38.5124273296119,40.641980064769,35.9404102230217,34.5019760423474,36.3029309712287,41.2990175017147,39.1688571093959,NA,35.8711147738598,39.435320699689,36.0367584796498,46.3752141477243
"15",15,"L1UBH","Lake",85352.665426768,83897.5672024694,83897.6588957584,83753.7303642383,86907.6939188577,86842.4202737798,85770.2293566265,NA,84369.8225295541,NA,NA,84413.7591296698,86231.4304815597,83750.6557083618,83942.2809567597,85247.1725109187,82236.8142733573,86919.4825396394,NA,NA,83036.8471425354,86068.232494518,85245.7059686836,NA,87890.0322876949,87444.1572622438,83530.1746728115,84366.5617207726,65995.5288273016,82155.1863550486,85124.3573548655,85471.7449969981,81472.0673296875,83327.1237744373,NA,86938.2552221333,84739.0535315788,NA,81207.5201439488,85348.7739237155,85640.5040632411,82319.2219319599,86550.4253102006,83543.8772628184,80441.9755937494,83587.2607725698,83199.1517933553,NA,83359.0674385601,83426.6759635246,NA,85185.1075430856,84657.0933780593,82074.3458108359,82992.1039741728,84964.3481088421,85351.3779369752,86118.0692038205,NA,73137.9742383472,76832.0404310464,83403.0384723739,81100.4824672575,60390.5351997963,NA,85287.8257834017,83569.3577078542,73381.5488155065,82231.1056297989,81792.4150700946,83346.5272630675,82959.2943207299,83568.4699741967,77317.4705548201,80810.3984227745,81328.8149693215,84221.8560096358,84798.6228872627,83222.2238670457,81453.3541396243,84081.8338448805,82379.1581307304,80697.00005373,82387.0172762016,82792.5977507803,82980.8251556175,84406.1348658136,82218.6343148574,82887.0060086607,79840.6726001964,76115.5010399045,88514.968927388,81531.3284410525,77846.4804653425,82129.4036106048,83203.5736170996,82294.4162395027,82329.4601332739,82380.9239162155,81058.9733954342,NA,83441.9363374647,NA,84216.7388305539,83145.6189423994,81313.8282020505,83463.0121334581,83494.6902250505,83427.811392912,82481.9985891014,82552.7281963206,83066.6846309207,NA,84111.3608508261,82899.6600049271,80032.496816628,84380.8633089143,87072.117818228,85817.1328955366,83196.5817840834,NA,79080.1568314989,89018.4905909867,NA,87235.7226704038,84843.5068633403,NA,84275.297379926,83518.450771955,88120.5036499217,84775.3523896743,84945.0520946069,85375.2825760275,78305.8563670882,NA,86819.4400985008,84451.3010243085,86090.3675757199,85052.5989479211
"16",16,"L1UBH","Lake",403.941527110822,424.945267179614,392.224784288972,478.710811426833,453.006449022181,489.918671434775,354.532741476905,472.236378992447,513.631818076442,NA,NA,295.446263117596,399.613032552177,451.867212259314,422.477126207547,470.432438371099,384.095559541008,354.333145340462,443.736256165433,NA,358.41234927501,416.428137901737,482.328081690581,NA,382.322963494115,455.014906805017,429.235606687846,449.813175352461,380.068129223647,434.02069443559,477.547008581643,383.199454795397,490.463362611385,455.849015916268,448.707960185505,401.205487947846,357.176910465556,385.219005205856,455.635703857395,353.165414781782,335.895965144654,408.971628653492,415.531915866519,431.088106557828,428.827113578876,334.992336113136,266.110721420511,455.543674987931,428.752782396583,459.978367928647,NA,453.217596092187,488.762024550573,433.001097032414,379.891545806702,452.930982468696,202.575151327337,421.145975744075,NA,304.897708790393,489.241090183273,341.862413688467,451.534260476415,237.659239762685,NA,414.258506057761,417.628991455803,336.187193940151,427.662336064016,434.561565087221,438.488073533015,469.178942618249,469.132396556077,426.195645894966,402.635206573501,422.328230624202,452.944047643555,415.045148947546,395.365280436182,455.493621376024,427.517176972623,NA,485.775674336629,509.098395452903,487.45683951343,437.358326017577,393.286767857956,419.464058201075,416.77612906092,439.677988097827,404.682192907844,470.3479845731,401.440696405077,428.383968171991,390.354734754181,418.206758396287,445.429887697931,NA,435.494428363063,460.408688364913,NA,466.498600921185,NA,444.321264168566,521.54092027846,440.506598881519,466.309265032111,490.292530107273,455.772827979757,413.756089516608,373.937305580501,470.559398175874,NA,477.186495377958,419.462530543296,459.888466465713,451.038626079383,441.697410250184,566.819918100705,460.222455883049,NA,473.345100105184,452.367971181294,430.098301761797,471.818304647464,546.01031188412,403.471985201073,475.797570617657,348.834555524313,526.749733648993,446.244737991166,490.546221762644,500.076315175218,501.983703159679,NA,NA,559.831091888618,550.2843653772,NA
"17",17,"L1UBH","Lake",3324.69715391148,3321.26601312606,3473.60476056861,3545.50390852364,3575.53304338781,3492.7326799785,3400.86547757809,3710.72191544362,3805.20836257756,NA,NA,3493.26289230234,3394.25264829242,3431.42569978982,3307.83195381261,3626.69645256527,2816.14653326369,3146.8009426765,3569.0432362914,NA,3070.80315109729,3540.96939411744,3547.27168150445,NA,3179.91605063425,3282.11094042491,3485.1332723056,3276.96183338234,2960.46568682514,3138.57016866837,3778.66353828528,3546.26461311742,3618.78177152808,3206.12402462632,3267.2053818152,3341.37697685992,3531.17850751636,2554.67161998378,3350.81145674069,3573.53375706283,3611.93162178983,3085.1667724098,3455.6510498052,3663.86387512844,3258.87869130807,3655.89193495344,2404.06327495606,3669.97225156564,3610.98825621523,3480.2010652035,NA,3550.0224164978,3738.77921479251,3541.37171412964,3427.63198151639,3564.26890493145,877.633333023011,3295.34796158959,NA,2401.96903948848,3542.14358395895,3638.38868035801,3415.46967324366,2184.68737629307,NA,3479.80368632065,3550.71315312368,2883.74698907979,3058.00338054352,3265.94242054796,3413.21316360257,3363.3926939343,3489.93175065351,3163.60417999339,3137.6516352995,3034.33056637721,3068.50394949978,3207.14659470485,3209.96763406024,3447.03345906129,3374.16447499018,NA,3531.89073428915,3552.98152739752,3409.14035899029,3225.25099071664,3480.10820235542,3279.96058516813,3614.29919716505,3176.03024928838,2981.11630023329,3444.93604784518,3268.23515019734,3153.66899033694,2931.51806523422,3043.79386673141,3036.80549750614,NA,3340.93292375841,3432.97657765515,NA,3137.44331604348,NA,3504.4794250679,3592.43569581353,3444.89826107774,3384.26522478065,3445.26216565859,3306.10699646792,3248.12353024626,3120.28582822248,3321.59678465408,NA,3542.4590713484,3252.76360143642,3233.58574388438,3174.60582527311,3567.64721205887,3743.48323413657,3537.44070237659,NA,3143.41759773867,3745.35773586722,3717.96497104013,3331.38410658022,3554.26768005141,3460.58154839168,3486.34697431984,2943.81530263607,3631.33866316978,3605.20115004535,3540.25785979217,3450.71784683512,3272.28582385486,NA,NA,3798.00396680475,3667.30716198992,NA
"18",18,"L1UBH","Lake",187.60398097429,201.53559176069,207.532606327223,185.025540856532,207.231893557819,196.837548590496,193.812910093469,208.361113587949,217.914594765456,NA,NA,198.76002723132,180.935481184024,200.27300730516,204.627231365968,211.900879911972,160.114224697472,181.453361125186,203.776135072162,NA,177.159030553452,185.70510349522,206.557406088082,NA,201.781818113667,201.650391160687,179.107767581294,205.755545609215,173.082234677072,186.626981560351,218.783483599036,202.492554000224,203.918598507049,187.608023665815,190.101831737459,195.190889273312,206.391770749456,156.351049267875,196.567472969233,182.204080063444,212.306448893287,164.410724557644,194.665936632127,217.655950995262,185.634075897408,213.519045893209,132.139916420392,200.47725223822,189.650685671871,172.572908992686,NA,151.461631124141,200.313982289609,189.684452045323,167.060919744451,196.256035168057,41.9165931604109,185.239755501877,NA,124.728051426637,180.590985719407,208.267474205114,183.914787038312,119.722846054326,NA,198.645519288532,162.443964347298,150.244736763196,139.484211002754,187.202251774712,153.623230397764,208.241372344013,189.111342257583,188.949762439677,171.490037807449,186.602796384409,190.703785680927,195.720687944902,198.050553688001,209.257222861938,207.82588329325,NA,181.512494083031,212.213901897333,206.246694213668,200.831759317275,194.536705357361,181.002102114174,207.316620153134,192.827211566133,178.364067544196,207.428332624182,177.889478297622,185.671884724061,176.934210656274,177.531487328817,181.830276884389,NA,179.623113565629,207.037321280976,NA,210.447639311557,NA,181.112431864712,194.6404566316,188.878827824398,196.975196796461,207.36700155386,192.099308328745,187.613158542002,166.705186879005,195.935174314427,NA,198.952652734406,199.143655653131,191.20874510489,193.723168396935,198.903248518736,209.071446327135,191.181055890947,NA,183.371767411654,222.879891669082,216.26505654468,192.496348373838,186.632526338905,194.204345741026,201.130490377343,176.092278759772,209.746136455774,211.357925443644,197.493782563959,206.167332761944,193.982811600767,NA,NA,217.120375429778,225.395494945452,NA
"19",19,"L1UBH","Lake",8767.04273585235,9132.18998572235,9230.47821607388,9252.60078292781,9186.08559824373,9368.45539985018,9100.33032764116,8804.7110330873,9451.09601816586,NA,NA,9134.25651132695,NA,9265.31267830059,9331.38487368591,NA,7817.61182703194,8498.61661721497,9047.54370517021,NA,8486.94010954382,9083.85901881782,9115.89259633613,NA,9474.97962528729,9107.12847562736,8913.67126430308,9193.52861462793,7985.89679702459,8461.25845532379,9305.38867761737,9047.95190582707,9036.63801418891,8753.08962232643,8829.94747852979,9066.11688115687,9183.84473429255,7286.61287793837,8894.39770377448,9335.78581662353,9343.2337190481,8478.76530750368,8670.48099758696,9092.96427751877,8331.94087357013,9218.44697123577,6545.46469091079,9336.15830182247,9054.17036718971,9094.47870259791,NA,9063.52348300668,9210.57581132214,9008.46939481883,9264.09101486024,9394.91175329273,NA,8982.83888061459,NA,6147.76769577528,9007.01276003158,9339.37825748962,8976.73532672768,5890.46489805265,NA,8965.32627360606,8788.53118902138,7659.65833309555,8493.88292384895,8816.44892417882,9229.71462638973,9189.9414680923,8973.31560541776,8629.57965158691,8203.67293958394,8727.83045537247,8873.64518530699,8861.60479674977,8849.4204295707,9182.553601674,9104.03423722027,NA,9182.19649798013,9269.15751083813,9029.99608478054,8925.77802379421,9005.59366003122,8870.59304409042,9214.28702805591,8685.88375941448,8055.1862017053,9272.41825859837,8729.8856758221,8164.52060931686,8640.03983385893,8619.55976225814,8653.98399298477,NA,9069.66677119065,9073.34403645135,NA,9219.76840218398,NA,8691.59528930927,8996.9913352794,9015.69915222367,9037.32301882891,9240.48460588,9000.95655031795,8821.56752518402,8976.30848027558,8783.4004708807,NA,9082.368919252,8905.42993268106,8552.20463077555,8907.66924191175,9017.22169988528,9071.26442281905,9355.12252483063,NA,8831.67477662096,9822.44449021408,9812.81819206199,8654.27962654145,9405.52831828147,9154.80206132419,9515.99418344545,8398.07956931929,9467.58385023027,9443.55826030778,9349.45870329938,9600.53371110479,8770.98336032176,NA,NA,9540.51904631886,9674.96762744737,NA
"20",20,"L1UBH","Lake",10531.5729245286,10626.9721912985,10705.927668286,10538.7366466282,10854.4070720395,10805.4521905354,10586.6570534964,10946.9662923593,10429.9957324095,10463.8945230558,NA,10637.6593479937,152.313772804047,10774.6826288693,10905.8750982998,NA,9674.687945138,10307.4734482586,10295.89204617,10832.0813971618,10135.8810422377,10439.1233393067,10618.1465728341,NA,10747.0581004588,10294.9774426022,9058.58970422811,10511.3062288001,9032.71585554038,10246.6654536084,7547.24944836877,9436.11352500223,8891.44401278661,9210.03842411968,NA,7868.44454093205,6302.94810561957,NA,8091.61117434129,7437.68396048613,9240.4926375235,7423.72588143992,10121.2291729992,8461.37811928736,NA,7462.16286858235,7092.66162610256,8486.08207853703,NA,8340.04171329731,7449.87398549032,8021.52539176079,3989.4669449034,5751.6370805554,8711.76231985183,5164.41995870608,9877.27305739203,6013.20370560395,NA,NA,7405.07491479352,6981.83129959995,NA,4296.79055913383,9928.59656773133,6966.73000404869,8518.20040862178,7605.43902551225,6704.16291353897,6421.42025562589,9066.00561135929,9729.38751517171,7518.35826137076,NA,8365.41866553654,8457.32875133171,7829.95350996873,9948.76809506254,10114.9698964879,10433.3770015595,9979.30538782142,10119.5873661202,10372.8360205764,10280.2657014425,9936.93917445091,10376.8473934341,9188.04394753169,NA,8989.41269741829,8558.84372461826,8499.36011527716,10357.4764000746,9408.37998757377,9858.30332771922,9783.33289249268,9771.06689864323,9580.17888106634,NA,10561.1531410536,10400.7415241468,NA,9652.23133063048,NA,10460.225358518,10543.7580883779,10332.4710432437,10394.6381751355,10528.9019591469,10547.3112424379,10626.781117569,10503.5251334548,10289.6636865635,NA,10686.4714073108,10548.177134742,10409.8746382803,10767.9813009142,10546.6659790451,9652.02795581581,10872.3036369456,8846.66002845104,8687.49339039221,11136.7047941964,NA,3411.40626068527,NA,10820.9892666944,11071.73704763,11004.497999462,10897.6979592526,10786.3973290439,10820.8715849639,11106.3121709052,9994.5893126528,9032.4763542671,NA,10839.9611001746,11062.0309571559,10200.5091551979
"21",21,"L2ABG","Lake",12196.4849458881,12600.3464952159,11974.2850620499,12301.2140849255,12847.744606511,NA,12755.5494789582,12710.2198655795,12110.3609189939,NA,NA,11235.1032434953,11919.5961280257,11904.3115863035,12075.5505058023,12537.6805274073,12097.0159019131,11605.5847222808,NA,NA,11558.9230169857,12021.1308475397,12702.0771148573,NA,12310.6709979318,12142.3821066373,12410.5286281028,12594.7451773516,NA,12002.7254463489,12862.0219394532,12539.2790905392,12173.2231704198,NA,12162.7877134809,11972.2435923947,10372.6132661725,NA,NA,11696.9448327935,12288.6226020503,11832.4014021889,12712.009950631,11533.4126449765,12156.2059876159,11480.4417699304,11789.8545950879,NA,11704.6711164967,12637.3377910569,11881.6036323173,12013.6717522361,12069.3547316685,12243.8337980082,11439.6689742925,12202.7643651565,NA,12508.6747975232,NA,NA,12059.4840267475,11516.2625519371,12450.240874875,10166.6446719932,10435.4592244793,12596.4228048685,12118.3742524841,10584.4346750228,12035.3563851676,12092.0256816014,11966.8946705922,12408.7974473557,12069.4174630637,12070.3178362517,12325.6751139337,12340.0465508726,11912.5647076435,12417.9345616725,12000.3754305418,12341.7825015985,12312.6404691229,NA,12178.3498390707,12588.940835668,11956.5871267684,12710.3603762128,11889.0131807281,11277.7331234639,12213.7662009876,12100.0532115989,NA,12645.389866617,11255.5147487096,11934.9488379015,11455.1059685795,12134.2213482111,12119.8409682784,12547.5337479189,11906.1231156904,12008.8720782712,NA,12177.0556261237,NA,11757.7540571084,12123.415300792,11237.4692909297,12196.4005326248,10904.7379972003,12081.4118158405,11730.9588804002,NA,11988.7696002574,12222.8091577615,12274.4978700754,NA,12071.3580730523,12608.5376955825,12242.4050965524,12018.9181199843,11984.626939348,11582.6556950976,11814.9358135563,12210.4573716318,12483.3590288192,NA,12127.5237856987,11439.1859427175,12361.9897242391,11887.2380836026,12323.5402586163,11990.5673076768,12236.4316955567,12507.3821532149,11961.0901304381,11205.7747195628,NA,12066.0195517696,11991.0956595933,12812.4521350204
"22",22,"L2ABG","Lake",5726.61324473788,5906.59982788707,6126.93994370495,6177.69165049713,6327.84286940952,6206.41453778804,NA,6258.42364466677,6124.31274688778,NA,1869.1971786738,6046.65774397655,5911.83815135688,6017.97233689789,5881.73130299495,5316.42036877303,4811.55621134247,5376.34853456412,NA,NA,5032.45332003595,5345.9098684354,5899.97960353459,NA,5731.05449625252,5110.01480740103,5646.97335510813,5444.84403234202,NA,5966.32351980393,5594.25395115447,5819.52105572337,5498.03327361793,NA,5990.83520837557,5486.43970412281,NA,NA,NA,4983.63419515649,5415.99714655951,4429.41761023117,6365.73010890061,5492.6336338269,5481.07529973124,5442.17946354719,5639.57278297016,4925.69338403912,3187.57892698021,5430.67128482127,5313.27024902465,5613.18619575217,6079.72552347537,5763.58759421829,5728.2491680683,5387.24264589553,NA,6325.53844342383,NA,NA,5071.05943278056,5369.96579368463,5505.27376121749,5158.65540248138,NA,6240.43731370232,5996.70618403288,5551.87457367277,5483.36740678255,5643.11930473241,5859.18067942998,6045.13869686994,5857.68645051753,5617.22008186942,5707.4201418759,5485.3381324295,5701.27136067626,5845.19386229105,NA,5749.89998093789,5789.41471766382,NA,5568.32435464545,5692.70705861118,5944.79237770707,5894.21715109031,5379.62874553482,NA,5813.02987730235,5305.1498621699,NA,5842.19426965297,4970.21234757188,5243.45292717132,5134.1163607102,5110.54763449662,5007.20848650852,6099.27212904412,5379.78159085366,5360.7676575333,NA,5618.67354196847,6099.18387223044,6150.17860653443,5803.37777126567,5268.80894760075,5513.81332196916,5148.58743795383,5456.99114191518,5252.64276490765,NA,5705.54165116722,5557.95346721587,5473.62074625154,NA,5841.18597992613,5592.63612127307,5723.99390036553,4507.17312943503,5286.89837305774,4745.51630501751,5377.99528687895,6182.24929922872,5500.25470486493,5457.18080745955,5350.53510476722,4699.03977570683,5035.27679961717,5664.41318414896,5212.21601983486,4539.79840883825,4963.11929006619,5346.5883853668,5346.66596319675,5229.99504123863,NA,5007.65668258447,5645.7996540267,6010.13854071952
"23",23,"L2ABG","Lake",10032.1881475875,9762.71476898016,NA,9991.00893702289,9787.67215697587,9698.4596917981,10455.2938919254,NA,10025.0396103554,NA,NA,9183.54240486449,NA,10542.9224820949,10864.6582556061,9968.86587955455,9086.10685171399,9758.14547560081,10057.689185759,NA,9783.00098609073,9574.19326866125,9691.2717684212,8047.22768403327,10428.0595360912,10713.9965725896,8857.71276968094,9254.43931483172,9194.68833613229,10178.5159400926,10195.3723540188,10131.4994387131,9713.3200471518,9969.97116745362,10050.374802245,10219.0219219082,9699.63453280671,NA,8584.48841413971,9220.44943947614,9809.47728072401,9617.68493042789,10137.2099712401,9869.53738317302,9910.07130086807,9062.8085817908,9025.21950008033,10290.5043226228,9289.92038700192,NA,NA,9910.14131901834,8689.74074313947,9181.69294060599,9097.1540803739,9965.87567478593,9615.08820640813,9816.56874328891,NA,NA,9757.0274871664,8866.31749773743,9012.38095574417,7587.12428661024,NA,10347.1769531382,10293.1340738152,8612.75827603165,9769.84032104807,9256.08354228534,9544.68303413798,10222.9305947563,10336.9869629911,9569.78363374388,NA,10101.863450739,9928.20599700543,10727.5110888313,NA,9965.37703507412,10709.150158076,NA,8225.92869306967,10235.1718763231,9934.33225709628,10509.8286080956,10055.7686214899,NA,9940.15346498481,9876.89412631308,9567.76908367194,11034.388730126,NA,9379.40128938655,9659.05516441766,10097.0990186827,10280.6420948037,NA,9453.19123327346,9378.41690882281,9980.95405626853,10082.0118850973,NA,10390.6877468148,9546.3186907293,9187.91922719023,9837.56686753387,9263.28561597104,10617.1218594262,9367.4864230181,NA,9912.4476146929,NA,9310.12411965946,9578.592965457,10129.5356943115,10552.1472687489,10411.3264125902,10060.7753862138,10123.6806132393,8262.3293625085,9755.68639955494,10880.3710216911,NA,9437.82810219474,NA,9278.54613452175,9990.92675509341,9736.78822092261,9870.18270128681,9806.11404475848,10063.6385856423,10156.4859693173,9900.89302079302,NA,NA,9990.3930355219,9724.9848983437,11049.0640264005
"24",24,"L2ABG","Lake",13880.9155459686,13970.1476935726,13986.9374869399,14856.1145591099,15052.5529299028,14216.1995876689,14141.3231315888,14739.5191396197,13630.283130012,NA,NA,9179.86221871466,NA,9276.5699052536,8689.73076379614,NA,6133.34040003776,8885.9347670438,7215.18218224348,2485.25293436032,7854.04271963013,8846.77260236902,9860.22312716634,7143.72618441721,8249.01384456712,7263.26296572131,8776.42244492192,9388.24383999091,8663.93711555992,8527.39570131433,12391.8602382741,13069.60155482,12587.6881178902,8374.98171924535,10282.9061111157,10430.3765144233,9359.75967696369,NA,10341.8641593082,10811.9919968426,11102.9155529416,8730.64307504289,10271.8157395211,15212.1200769603,14544.4375869542,13840.339450173,13300.8149451329,NA,14809.3832860617,15163.641779019,14630.4491273897,13830.9896353471,15041.2701694843,14215.3513994793,14701.1566853097,14745.1370439388,NA,14243.7639040227,NA,NA,14545.746942417,14562.0270350825,14249.9996432899,9860.55752565001,NA,13595.0828620463,11680.2462677203,10622.4281807708,10555.3317733599,6576.3927636594,7716.38267919096,6587.4459615976,7034.69819314047,4805.91333195004,3307.99796685906,3116.74696648509,1726.78735882285,1544.34232328251,NA,1712.68914620051,1590.03340653882,NA,6.22409890171425,0.0853455587022931,0.24539176980037,0.178435921502867,306.56746902471,30.2976282843502,370.897816509533,375.956982659629,376.624662684932,571.958333826408,26.0138625764748,2.40420353275234,0,74.2873210090528,191.643147047485,NA,981.134689799217,781.454667144709,NA,18.8463306206921,NA,114.107635472602,537.464844987591,393.607900304962,210.179448835451,235.743319753042,68.8849571406443,21.5492150398926,115.480018977396,113.607111494997,NA,3306.20000062962,162.754410566377,152.215091849888,29.3605476202317,74.8459890543491,28.8673503649948,5.62085753715118,2028.83309857996,247.158568923416,1141.56423625748,7718.22401675666,867.547256160284,369.786000344386,20.224893845575,10.9452671107774,5.87073933461193,1176.83754197471,419.113665664006,272.317909463875,125.402722849682,78.3135395813679,32.2292614666007,7864.20566117501,NA,7102.93918036536,9119.32526042577
"25",25,"L2ABG","Lake",8239.84322227579,7227.61711290125,7748.20208884872,8197.03646384541,8696.29367507792,8291.9200525904,7839.90027077768,8735.31908852888,7992.93651607854,NA,NA,7573.76832286089,NA,7830.60200497267,7154.54365522371,NA,4197.37929163033,5310.9640043587,6041.32223207241,NA,5433.16897136146,6437.42990808446,6764.26885569641,5802.19121516803,6256.18492528437,6217.62078698736,5817.62660132647,5835.40978564395,5879.85865412784,6000.63076755264,7791.39594647825,7354.45234658813,7436.35094398908,5639.02348876822,5637.05890211706,5366.58744902351,6760.33697180466,NA,5771.39709029285,6551.14126008604,6494.3890459479,5154.7720389746,7011.48819280759,7212.72122786931,7093.58490714414,6986.7394732441,6764.62287593926,8541.39472920435,8817.54344007467,8974.61740137965,8672.49441393835,NA,9096.84315147763,8800.51994709948,8583.85261715816,9029.19660424508,NA,8250.51053585731,NA,NA,7902.25491508714,8402.92454584793,7892.13001847987,4846.0031964286,NA,7530.01993986825,6313.58102398311,5958.73631065171,6246.16865315911,5312.27364896705,6004.81192069453,5425.43566173438,4891.60152532303,3731.94869538879,3360.54727099888,3596.39964612024,3250.20689793088,2890.63514827825,NA,3395.37058034974,3611.13948123933,NA,2656.83023556105,2220.26446569747,1944.31374387735,1648.66119886997,2865.24959136718,NA,3157.25862515035,2226.87906814867,1355.05009642235,3539.39073190173,2260.62109214083,1362.01164781172,1325.02410122669,727.779942027299,635.051566283871,NA,2377.97115798792,2128.67716625354,354.194558788878,1154.93523901597,NA,1925.79542661432,2921.06586380529,2934.62940858717,2188.60298542377,2638.30355385828,2250.37473215707,1562.71556680017,1670.45741438637,1360.68283926596,NA,3247.23083223895,1830.62175531003,1902.89764295869,811.843744769121,NA,2101.05435404435,967.997167884452,3028.74465550979,1297.29477595256,2633.44582934998,NA,2383.69903483098,2117.02912181687,1453.26051730288,977.501932783043,855.801919379263,2706.77588413893,1808.20629424378,2035.05933281167,1569.16700589316,1261.15086856052,1079.58787511551,3795.80974436459,9307.28994969098,3456.04892067737,4912.48269558925
"26",26,"L2ABG","Lake",7302.34920917652,7037.8288506659,6437.83724598013,7100.01885066421,6912.02642997949,6804.22902493427,6724.79137899656,NA,6787.66440506334,NA,NA,6581.7804589444,5738.56455115643,6864.1243173703,5985.63422042431,6134.48893568177,5719.00878892223,6346.95355462635,6355.81493236183,NA,4837.42639575973,6424.81827169567,6818.87409203386,4020.66889931666,5939.5159868172,5707.01219070934,6584.85371046268,6608.65567251897,6605.48051670764,6830.80564642499,7540.44805214119,7041.18264627738,7209.14191032121,7058.47522041981,6680.68268208034,6881.10325271263,7083.03595438216,NA,6457.57393269796,6643.5589661461,6815.46444804473,5630.30583710227,7089.22605031663,7618.28331173013,6554.14687668902,7331.84547555462,7281.69174568531,6994.21592948018,7301.00730728649,7153.56012262052,7060.95210695865,7199.25704359347,7832.78547242443,7718.09657044469,7479.21232885223,7786.90422904587,7309.27582573531,7750.44008494068,NA,NA,7197.54931211626,7739.44690862057,7210.78983426406,5354.01851741919,NA,7705.59864592973,7221.94089330592,6059.24974604046,6415.95899898086,5687.41970963703,6005.75843727758,5701.03133712805,5922.42672219871,5257.32753860232,5326.727897029,5213.74326696121,4794.46922264305,5136.33861973559,NA,4511.87594386462,5000.24143962977,NA,4434.11855712761,4379.0024062426,4146.20347829929,4028.95206037879,4830.69364163061,NA,5193.92764491586,4655.21952042719,4131.77268439299,4848.63696420241,NA,4175.93277504538,4025.4464100642,NA,3872.81474624988,3300.82712938893,4797.06854637932,4872.10289853125,NA,3796.5044595243,NA,4479.12181784858,4518.45817035546,4871.48879028669,4201.88900297868,4469.86556354386,4361.30043076264,4552.86644027122,4651.54732266432,4503.85523980385,NA,5664.36383641237,4682.30978144012,4806.35281389497,4766.90955124011,4493.42074989287,4024.27333749013,4705.23603993865,4286.40255036148,3588.02569978486,3498.50424394156,3690.57869449125,4094.644098208,4586.22303601599,4071.35518002281,3847.27018473139,3813.12813328648,4450.83798889385,4563.30104655041,4623.42046036173,4578.18886996582,4478.35288343051,4218.54794664594,NA,4933.03113449881,4800.68661907551,5216.53886851066
"27",27,"L2ABG","Lake",7948.07380049304,7198.98455898244,8193.52874444726,7435.58251996383,7829.48692772269,7559.58651052553,8096.38858587568,NA,7822.6199150712,NA,NA,7206.36293742415,8128.2812437674,8046.19287606794,7624.23287593519,8100.11598586608,7654.73394430539,8871.64893849289,NA,NA,8085.53909487622,7421.88087651482,8201.87599635717,NA,7917.38704961113,7763.21474186373,6646.83499254967,6968.80266695687,6926.79553572166,7739.4093208283,7736.71503083191,7926.55433328417,7066.45619469151,7436.79601720478,NA,8124.83953157783,7344.03277291371,NA,6659.93776202314,7207.27477245963,7260.51915849546,7427.41660412335,8140.79007871775,7818.43066300698,7088.449615467,6426.82413297781,7462.36087390104,NA,6832.29132777034,6525.77357691571,NA,7565.08696428294,7132.60248129359,6303.17250944226,6390.7498073832,6916.5511242003,6861.48395415051,7889.02474261414,NA,6287.06258586666,6581.08486945292,6904.63750916794,6300.8404127965,5028.83988192702,NA,7489.0480547861,7249.88045451775,5983.92742083683,7017.32755526779,6653.30450352888,6540.04783418653,6884.68281345937,7913.90195257223,5845.91341560454,6683.99987577944,7101.48841870748,7268.73863357585,7662.63166100014,6834.68460301153,7272.99985139336,7939.58711148572,6783.81286299756,6221.2075456343,6508.13461985837,6738.75730133869,7486.50717814837,7463.23302794183,6597.67541485384,6307.41241188243,6397.36973363561,7423.66916557994,8454.16808003648,7075.8750762608,6681.91690889738,6962.22600359172,7206.40740213471,7281.27843505863,7983.8842648844,6528.17113028665,6576.66930662484,NA,7760.87235426608,6588.47898612201,7621.93143907481,6582.80786331813,6259.23465297458,7014.59702052386,6981.34291458619,7576.89338027778,6487.62585912296,6725.2231183986,7256.15315346856,NA,7178.05029271701,NA,7137.72621337264,7638.3698572363,7993.25811522575,7104.77808844331,7314.01747584868,NA,6370.82549747317,7575.31618005216,8142.87508583714,7328.59393057276,6580.75800882694,NA,6543.99289566884,6955.89159662618,7613.10218683901,6508.84391628667,6966.04792036827,6525.60088447056,7191.23455356819,NA,7014.69257175328,6866.77121397694,6992.30365601637,8048.85925932296
"28",28,"L2ABG","Lake",9537.14886624778,9864.15035858408,10176.5105055037,10333.0167235991,10565.6774835215,10485.3215866224,9917.4035744172,11079.0436018004,11535.8459766648,NA,NA,9909.27365328064,NA,10057.3728127557,9926.21121492356,NA,8333.06468992274,8854.78583851364,10504.41497769,NA,8693.95340415958,9988.69712691428,10381.1837231705,NA,9957.25890411829,9939.35416922226,9933.26747673625,10073.1790796346,8845.42803850989,9480.14983726537,11500.3563337991,10330.0076701188,10718.5186756417,9576.13563284651,9480.93725253091,9699.66143487819,10473.3778197367,8266.91161186303,10020.6604882596,10051.2796275579,10361.1416985855,8987.4361411242,10273.199158535,11264.2398300651,9703.93565028801,10339.4140495151,6635.93564788928,10652.8055270961,9971.0257684559,10371.7931058407,NA,9726.04834475825,11243.8141114567,10236.6228340306,10348.6166898005,10280.1778497344,NA,9751.3716406694,NA,7209.2717390614,10306.6468567814,10742.9814173544,9878.07457364553,5880.37881414225,NA,10003.0964308072,9873.41746303872,8016.75209817882,8384.24303970488,9347.20922881979,9820.72028105693,10046.5929830361,9785.91298828695,9088.63219233484,8475.17165497169,9206.06017703745,8839.40751975017,9041.16568031449,9501.14274928923,9792.92490270586,9851.71757829717,NA,10292.0312317284,10474.547706452,10032.4873191233,9751.13637598936,9975.45258866038,9527.8457792406,10383.5075166276,9578.36702155881,8336.98875447507,10526.1644972299,9370.07111994469,8744.20364219406,8669.30696958933,9167.87159528913,9183.30196069447,NA,9781.43584423198,10174.9804346496,NA,10008.3211119545,NA,9872.25404894509,10297.7911769657,10084.1111788328,10168.8886297517,10358.0876859751,9771.23165943594,9331.81427366016,9196.99847115189,9705.52376525659,NA,10401.7159553403,9485.38798383699,9478.39914303979,9765.77366461172,7223.67746259916,10624.0597164259,10110.3397142519,NA,9681.32367025055,10801.8409069832,11022.1297023423,9959.23008147909,10493.1954961467,9783.31380247734,9701.41454034348,8699.77921376032,10327.1717720547,10376.9060791358,9962.10527600359,10230.5835256868,9619.36202856046,NA,NA,11124.482126424,10969.1419973643,NA
"29",29,"L2ABG","Lake",24858.2893241486,25105.6763647667,25863.4767289535,23459.4595881773,25491.4008675682,25475.4428217223,24850.2695367544,NA,22471.3634319955,22878.3500397566,NA,23627.9512005938,577.058577520696,24755.2045626676,25031.0580017591,NA,20799.317296489,23198.5360017649,19084.230074961,NA,23570.5366206427,21477.3226726012,23465.8581505792,NA,24538.3891905739,23360.0555004972,19964.0965342963,22122.3346999302,17488.6598994067,23413.1764021063,14351.2057433642,21114.3756564974,18302.7517796059,18415.6704522634,NA,18287.358745132,17820.6024267963,NA,18265.6657903271,20001.7178885077,19743.1066155483,16474.6053752653,22498.4446062474,19076.2966569378,NA,17786.4964513348,16988.8058027535,19631.7976748122,NA,18999.8764160864,17533.8311216232,20882.510266023,15251.289067782,16757.9726118101,17623.4800979342,17026.2056775701,18175.1131003008,18443.0725522875,NA,NA,16523.1443668573,16002.8473310258,NA,11258.1023385278,21670.249840886,17694.4917910532,16769.398567555,12961.8221950435,15021.6940087591,13494.8721548576,17066.4175450136,18836.6695319016,15728.1229200647,NA,13519.9095694104,14952.7655979335,17214.7443086582,19965.8727152516,18183.4269285196,19531.1617877322,20327.2286845218,NA,19036.3288963553,18874.4968301739,18167.2779377874,20230.6688048071,19348.7806746293,NA,19307.7878901221,18957.8026944746,18463.9905180953,22846.9009040804,NA,17901.6363896993,17135.9982947427,18285.8890242618,18481.1475952072,NA,21629.0271486519,21646.6410035422,NA,20589.6709118184,NA,22035.6997513843,22853.5677612771,22311.1768670639,23187.156624432,23401.6542283691,23623.9932233186,22654.184047527,22873.4844801494,22726.068470228,NA,24820.3106779034,24246.8424231731,24505.2879892516,26192.3172698177,24038.1385307482,22795.3892750819,24273.3421669818,20521.9092029593,20661.7495161082,26423.5312325681,26713.2664782734,17533.1150142513,NA,24039.7373652364,24883.7467076572,24701.6860473239,25395.6178875499,24778.4426061874,24906.1240848783,24436.5759426272,23560.9091689567,22030.3338003955,NA,25757.8430015238,25798.2363105897,23964.9644348945
"30",30,"L2ABG","Lake",NA,27.3019626561875,29.9688593802257,34.153511343845,33.3312915663059,34.2514410405888,34.0405781210079,NA,24.8294147942086,NA,NA,25.7643202797788,24.3609302148835,28.5436218647538,28.2613408100483,23.7566222345967,25.4266716326511,24.1853880818837,22.8352861473735,NA,NA,27.3769684456368,NA,37.9201596248481,32.581335441861,30.4929845573568,26.5658591298624,28.4259279640412,21.4364936345024,NA,37.884041751645,33.7462548208198,29.3686115149061,27.7466983683196,29.3125559976218,31.7759421588838,33.5083073400665,33.6966962452659,34.4431366156325,38.8451044420217,36.6588618846262,35.0180081032496,5.81919859427547,39.1181028914939,30.0885982565272,27.0412424976098,29.6682921071422,33.1447293799498,25.1106840062096,26.3989046761532,30.4544326002082,15.4628340381285,21.976054366247,24.4090057804298,23.451138617043,30.3129651947269,NA,30.7346985901307,19.6849015965616,18.7251429831354,16.2190757614201,20.0576909968596,25.1382036771021,19.4983060651426,NA,NA,13.7380157237906,13.8510907806395,NA,24.3243976223056,28.1897928959128,25.3323490936728,22.7836566408605,25.6746773062083,26.286341909652,23.4016649201636,27.6820050112589,26.259789800442,25.1644957674065,25.7419031916496,21.4663109730356,19.4941507918934,19.5658777026951,25.0576009580205,21.0850499702906,23.2061380203748,38.0761980147627,28.2374725161155,NA,22.6177653003831,NA,28.0897219049285,NA,15.0267386309874,16.8898319963669,23.6640561110691,NA,23.1178733184415,26.3603193256346,24.5120631757355,NA,31.3832429196839,NA,29.7555548700441,27.1282553553698,17.7399838471808,35.4721300332452,NA,13.4531585818645,17.8838045958455,1.45268682944853,16.3098975889553,NA,29.2766539222212,20.4577440494609,23.8504771151518,19.4106750814802,17.5060138349399,19.9487888689656,NA,NA,14.2379142895963,25.0390264181024,NA,9.9623676819678,NA,22.1973403049227,21.6742433646082,15.5403752794232,30.5392654571575,NA,21.7186159631725,26.0830765415797,20.747527422095,NA,NA,18.9682958511479,19.4111193871927,32.8131155653638
"31",31,"L2ABH","Lake",138982.488068117,126302.580848817,133415.180445682,142981.68126623,140233.094881063,140994.471329586,138102.84221412,136148.213821451,141603.506019345,NA,NA,139377.018320104,132050.221621883,135549.986586096,135285.987307082,NA,134728.108128083,125865.905015758,145657.926767805,NA,126323.435644356,143452.573534592,135533.869050128,119332.31813888,133775.997220189,125155.713053099,138600.441501791,136694.105327437,NA,113582.439300753,148239.84404019,132202.015177964,136236.693887248,111297.483687766,NA,123665.467877939,NA,139326.866418315,134226.302523133,137771.383537492,137908.407875941,129649.362329639,118450.399115886,146183.976992545,132385.072967491,142370.298303771,129500.027103515,126035.782409252,NA,141185.181636697,139568.365078429,140949.888340375,146410.775681511,138285.491627327,145473.253971902,139143.786727003,137906.351597884,134503.611321296,110736.102581207,120542.493945542,135325.755053712,143006.755828996,NA,NA,NA,NA,137703.030912377,118866.355583343,95188.8728651315,138549.854173662,138238.666173438,135598.759970389,142721.326883502,136759.180500449,132878.487908313,132481.53531482,126478.193443602,118633.647713746,NA,137039.884592666,133640.269323887,NA,139209.277900204,138851.643035929,135108.03266622,130452.447506582,144487.375135408,140662.88096833,141834.74718851,129181.634018598,112851.678141075,127549.444373646,129095.433721921,122743.412987298,129602.329141833,124984.571312697,NA,111060.352679743,142397.877674576,137492.598230523,129564.016122978,132793.389686606,NA,NA,143009.987940315,136841.050545704,135467.203447708,NA,133565.741392007,134622.983310419,133364.595328285,131529.317376317,NA,143972.186617959,126599.078030353,NA,134020.551777074,144094.115407138,144501.314298186,140394.140009523,NA,144035.735892681,143802.098214376,NA,116324.302418841,145571.292086725,142140.408349618,143045.19451318,116547.849378402,148442.021710193,146484.671335895,141752.56874221,145399.991830949,132996.3730678,NA,NA,141830.624537973,143159.202341804,113759.306793235
"32",32,"L2UBF","Lake",NA,0,0,0,15.6229197356989,142.806616191141,84.393669841124,0,0,NA,NA,55.0172118741029,0,110.74892511554,75.2002938741239,NA,16.2848864600589,55.6821327859609,NA,NA,75.5429223506186,NA,NA,74.4690394852933,88.212442015462,85.3058382102387,14.0313295436843,65.5380839308111,63.3962378337697,0,NA,128.871605506024,0,6.2819458289829,NA,44.2817899136024,NA,0,79.9001215978808,153.567443154958,108.326117027104,93.4056666694579,0,NA,NA,0,24.1569793762858,115.141517418572,NA,0,50.200251243857,NA,NA,NA,NA,134.41869163513,173.033340275192,112.759525187667,28.7577724666558,0,NA,NA,0,0,0,0,NA,NA,5.03469453425315,21.4664378622979,66.8701706843698,48.4511613705908,NA,NA,11.8324196240982,59.2896761721117,31.9242190739677,68.622183054552,76.0488603184911,49.4693574211313,139.464112438931,NA,NA,56.3630645285867,118.02873860543,53.6169066057543,NA,NA,NA,87.0906145101596,NA,63.7395275569531,NA,0,53.0787145938842,33.8932826358447,23.7756568200419,70.8041003995304,0,41.7310840186442,25.6535426728352,86.6508361090393,NA,NA,0,0,NA,70.4232133651537,31.1258322864424,4.9260541679342,94.5623260816548,60.7416594268587,121.161916317854,NA,99.2713270075658,58.8462404489531,119.013103395504,NA,NA,NA,NA,148.937265549847,0,NA,NA,NA,83.8833018270802,63.6437557677626,111.852359917261,NA,NA,0,93.8799485599528,NA,NA,NA,0,133.421664748871,79.1910268421062
"33",33,"L2UBF","Lake",NA,0,0,0,0,16.9575418603277,6.63558012737954,0,NA,NA,NA,9.79801535213047,4.29832786284021,22.9045338762307,87.6155477909516,NA,0,112.014702839802,NA,NA,NA,NA,NA,177.42186566519,63.2153219633009,149.849049579254,145.464428021568,0,24.0650369070894,3.6315428339435,NA,116.730824155295,NA,10.5843667325207,NA,74.0949522124487,NA,NA,0,101.644659706454,188.22027339359,288.945758749499,0,NA,NA,0,170.131645812936,140.686519334206,NA,NA,0,NA,NA,NA,NA,0,62.9771219743004,116.155956077977,85.5345372192602,NA,NA,NA,NA,17.5250269971851,0,NA,NA,NA,0,60.7210360582147,140.108390517547,68.8541540838137,NA,NA,0,0,56.9097806207226,153.044517399762,16.0117185196087,211.231876987139,324.252029452788,NA,0,0,72.2217995165025,60.244904297834,NA,NA,NA,25.7967521649058,NA,NA,0,NA,0,8.01802079920409,2.40439556747789,47.5232727570623,0,NA,87.2970423254587,162.613611313831,NA,NA,NA,0,NA,13.6374152211994,258.929996419187,0,161.052217573147,89.4930233833674,NA,NA,0,42.2194848499681,251.361032126335,NA,NA,NA,NA,8.09653398836973,0,343.779817060504,NA,NA,NA,0,20.3774954990497,NA,NA,NA,0,0,NA,NA,NA,88.1528947096197,NA
"34",34,"L2UBH","Lake",2385.86833537726,1889.0141386477,2337.98053710896,2059.58008746788,2199.49562149053,2203.06904222974,2251.04946439006,NA,2218.46286441845,NA,NA,2056.15216827624,2223.31469350755,2177.22919894196,2076.27829839699,2367.85094466387,2037.17997530859,2306.66810084934,2052.05836247663,NA,2230.20561468809,2070.97959683932,2150.27888263902,NA,2049.71480206656,2437.77432850256,1937.22023296325,1921.81070049822,1596.50777320528,2291.65423134366,2256.66628815263,2105.66727656035,1998.30743837109,2071.83849539639,NA,2282.72370699007,2083.58109489707,NA,1999.1224062676,2149.74651151599,2097.07187463155,2239.52059167887,2433.91414438957,NA,2085.36226212053,2010.78040041554,1986.33735662986,2309.40192098606,1964.89304263421,1738.3155999931,1496.38803719911,2161.85873890521,2008.16616284303,1824.58932133652,2037.53333661405,2078.91453384259,1994.94114466126,2273.71887257614,NA,1877.97958382326,1834.93040104655,2033.24877915597,1622.82821810736,1204.03081620972,NA,2148.88746092454,1991.99254262824,1719.14963738903,1865.01839759688,1862.77329296923,1938.17251709144,1959.75309489683,2365.20127980957,1723.72474912868,1747.80919177779,1797.98607552793,2053.4822479135,2242.77221400629,1819.30884616334,2155.16026305927,2269.16500130223,1925.23255648701,1854.37864487461,1651.8048564616,1791.74157896797,1978.07945516714,2171.54092957309,1948.73494772795,1788.35896539142,1771.24805656898,1956.08223291986,2167.61370959292,2144.63073034483,1934.38482834178,1738.14839888302,1971.99017785916,2063.28649214266,2130.7550456675,1882.39689241792,1743.75931638753,NA,1955.29856160003,NA,2356.05689390294,2103.37809212521,1625.13444796271,1966.92538900049,2150.52360202768,2263.74134832832,1695.25300827553,1818.92315872225,1933.81027749356,NA,2173.61115087756,2059.77444886094,2003.54302803431,2220.60244220127,2332.99738025935,2194.37092360942,1930.51109594026,NA,1727.40323853796,2052.76952640087,2148.87167763978,2226.87592755731,1942.57561176462,NA,1792.1414792997,1806.74310431608,2401.7723984272,1814.86443263271,1851.05066275911,1858.08453941769,1923.13396946125,NA,2207.62134949467,1918.89928996319,1906.66598395018,2174.95809052926
"35",35,"L1UBH","Lake",24.799685854295,24.3602765214154,27.4145830199012,27.1269182074541,28.7524429207518,30.5438763282436,29.5809136652994,30.1144891618085,28.3120603135069,NA,NA,26.8428260099205,26.5830594060942,27.5092176856013,26.8859409220738,NA,19.9344376893965,23.5380649785192,23.6030254603393,31.9161100737042,27.6368521232803,27.560363780848,27.9191395576742,NA,27.820640294157,31.019826202567,26.3394509303801,28.1993535367536,22.9492084696228,27.2666163467767,26.8055037804348,28.1814218345965,26.3158238973014,26.3737083992192,NA,26.9221007547867,28.9958575298366,NA,31.2676860180453,27.1482432821057,19.2812925080133,26.5777660505235,27.0243978984644,25.3259363216117,NA,27.882818154283,NA,29.8420775551911,27.742714165312,28.1800165945731,29.0741160219988,25.388058529515,25.3945623525983,25.6944323041872,22.9421869013569,20.2543428183052,NA,27.4481236348968,NA,NA,21.8424497131054,22.9934351082006,22.9239311296058,12.6586621579432,21.6202395951358,19.8212701583324,18.876959440916,17.8053850005807,21.0044708585971,23.4729123202282,26.2042635013596,21.9487879574935,20.5517534542483,NA,20.2609736773556,20.2477155506207,23.6585835634911,20.8310197025321,21.1670152406879,21.8223461250751,21.595956544772,20.0993779611593,25.9422707065195,22.2931963385192,21.7417891954908,21.8080936193772,19.7845582133012,21.9526185154297,19.0046497058579,20.8814209345623,20.3276232354838,24.8208812366628,18.6211958787534,20.1153169501119,22.5782407816422,23.349057475606,21.6683147941008,NA,26.2306884938993,24.8092944470505,NA,23.6783656669793,NA,20.8171502808254,23.1424666383741,24.4940926078774,24.4759401321272,22.1223145108457,22.6520273619304,24.5096867463303,22.7885316298034,22.5409064101725,NA,22.9917283455813,21.6063019575108,21.4948792632442,22.6683377897742,NA,18.1659890105066,21.9917506408108,17.6961267570581,19.5811134237212,22.1510490199128,23.3563377746248,16.6357265351017,18.5138744735612,20.9565536323844,21.3049530319218,19.124245537332,19.4785423024561,20.4761897521804,22.5221919125721,18.8389463034929,19.9943668786049,NA,26.4448695287601,24.0709283102362,23.5232036617686,21.6164802633446
"36",36,"L1UBH","Lake",164.298507478412,143.058975551598,228.143967614803,163.770879405695,131.489360733019,187.236919709428,194.177356144382,229.844821043211,181.40338588079,NA,NA,150.195356423737,182.560691405696,211.235773473966,214.069983155997,NA,152.667377430766,205.053240825892,179.364781906247,167.107560842335,208.574279562291,184.857613900671,192.316071973006,NA,179.28400128346,197.961153334161,139.390720779133,165.644167864114,162.490930696681,195.381843237603,192.010744756823,183.107785602162,186.039708250469,185.668190707501,NA,216.797241387697,146.626993612475,NA,129.922419115234,187.061982923655,202.64901763831,191.296725721614,198.421723616806,178.790036153616,NA,121.123599390576,NA,193.417803476934,NA,110.143589968467,138.697549740147,182.762806615556,187.891966472044,178.148488712316,150.280982233065,187.15782493429,NA,229.892110370596,NA,NA,168.57687529909,165.918945913555,176.733389368465,127.712079038938,142.322837563615,210.348517346256,188.331280414259,146.937999600612,169.309824865751,170.307167020877,123.145094387382,185.844853560293,168.074304142791,285.448663064112,168.889302810317,171.893701092191,174.283581568715,238.370835686628,188.20440058819,198.74361221937,222.318035283671,179.103307210238,170.439016826909,197.434731046815,204.740447482708,210.702043996571,195.554379241363,164.356191266841,195.541202474465,204.668803962561,202.829101530517,223.316430893651,155.701524119779,201.842358521762,159.506186063556,190.406589293869,191.402719449884,NA,183.645225888906,195.231129709755,NA,237.273126845069,NA,215.58153302619,202.444607443804,183.747169842409,204.861425637797,223.790787694957,222.442416337521,155.042830665766,171.042715414769,206.510091476708,NA,193.805676621169,199.545005845683,219.8082775406,184.240152181479,NA,167.712680089487,189.397672343116,187.08422263443,158.087596805455,209.466424736904,219.885908230919,147.994520247156,154.113272669576,169.729026050686,118.4976906926,179.568387345339,154.202526478367,179.753477194407,171.075632275192,180.314972084099,177.468700609677,179.46817595227,109.356391859071,183.118452700512,186.24995388465,211.945109341205
"37",37,"L1UBH","Lake",39.9144010651986,40.5311507126279,40.7987209721636,40.441358485489,40.2988152898073,41.2277070774241,40.5957448457288,41.8564207039982,34.9033609247768,NA,NA,29.061562163866,33.7027446304992,38.7880375290017,41.5492751896801,NA,30.8052211228897,36.5482909704292,36.6013166272389,37.2587956639396,39.6025072525757,34.811556539944,37.968913266989,NA,38.7639123296277,36.7474331115515,38.1509193743762,28.8798567574904,32.3115494280739,37.0569837683327,40.1040776121001,40.3587932459797,38.7348829498117,39.7945751144268,NA,41.2348967924005,20.7161610620793,NA,35.9484510651406,40.8889374649006,40.0997969148852,35.5438871860809,37.9278997369885,42.1011473649036,NA,29.5299764356245,NA,31.7208970888951,NA,24.9041244590375,28.3830787707419,34.5500487028339,36.2261533648482,40.5692552435418,25.704666087343,42.133566779576,NA,42.7235096980981,NA,NA,37.2276395305894,40.9251268272071,38.6268446779643,28.081613782579,28.8799511535251,41.0674661729524,38.9154811136858,29.9900122478165,37.0607968342194,32.7860162980655,18.7216920255289,15.3467447496337,36.2266973477559,55.8718023925003,36.6951210659178,40.6959402509162,41.0426364561842,45.1552211302973,36.9255510125165,34.1686468046846,38.4704098159644,36.1722405211255,39.0854747649348,36.651894107423,41.4248879080334,41.7120257463428,36.9212052689067,33.2050481908792,41.3653069146046,37.2338676320173,39.1985330453668,46.2110685134101,30.1250542380871,42.4531847415854,37.531757188631,39.244190753428,37.8544502930072,NA,28.9306769729858,41.991440916525,NA,49.4282800171846,NA,44.0463929513232,43.2861264111812,25.1718236670778,34.0616273538917,44.2567878987654,41.9898868071093,33.250635031328,25.1360576962593,42.2733103218718,NA,37.1198198696401,39.2502059546983,43.4205751624524,43.6195352227219,NA,30.1345679616424,33.2138472358103,39.3350554415872,25.5898559797002,31.422868296517,29.8935485645739,34.0418356893644,21.7448745850587,28.5917198823325,28.6763931609098,28.120994252289,36.5107679523339,14.0952003593746,40.4177127860871,19.6160127079424,37.4821984879955,39.144657389537,21.771929904556,35.7472370534068,27.2201476140662,36.5486762686745
"38",38,"L1UBH","Lake",60084.2580423702,60618.8707874572,61608.2736249946,61207.2732830548,61785.1828721913,61807.4784108329,61194.1008071857,62511.4161153257,61125.1916785432,NA,NA,61713.2839581719,61012.0848430338,61277.7667509644,62471.2890824404,NA,48923.4077538726,57275.9355810696,60311.8122747254,62740.2473910519,59145.5689276908,60960.6066637855,61167.8730152735,NA,62665.2005762515,61705.7369972078,60498.657093402,61722.6523138105,52181.3275231379,58565.9887725033,60956.5354538048,60806.2640827621,60519.1821627964,60048.0787944967,NA,61880.8021561932,60884.6815482218,NA,59067.4776606334,61334.0066238118,61665.4991092304,56637.1753436872,59516.0331976151,61245.9451673389,NA,61313.6687449384,NA,62380.5665111117,60610.1933138196,61290.2634707083,61367.1119297419,60959.1717680797,61664.9297345396,60706.340508415,61811.6322258494,61779.3195489503,NA,61362.0726255815,NA,NA,61480.5556509357,59621.4734874105,60883.7654917157,42789.3500175193,44187.5007495082,57765.4448963984,60398.7758073237,53199.2557545443,59567.075037664,60215.5921804895,61450.758107747,62007.9579944995,60398.9488542199,62090.334323515,60395.5753087431,60377.0915212065,60750.2435525076,60670.763242668,60026.8072016433,62116.1655122092,61964.6773502625,60505.1442088786,60941.7332046775,61582.642372498,61024.0722630063,61150.4463744631,61587.4686848454,56431.3178045476,61580.4997718578,60373.7799515819,57866.9096900374,62557.8022776848,58048.5151452833,59941.9817441886,60637.7847384735,60108.0597470739,59032.425033909,NA,61141.2629345454,61029.3677274974,NA,61450.6423216617,NA,60371.0939906944,59716.4094093185,60349.2652231363,60811.2301394551,61056.8737995767,61023.9826186901,57904.3058958315,60618.6717575263,60336.4024676523,NA,61141.9193254703,60444.8937700594,58970.5160594023,61333.2806508664,NA,61096.244014314,60648.4891984828,52045.7510838462,53544.8512585297,62957.3639838438,62959.0299215595,45445.1330768574,61404.8601575811,60866.9533155149,62361.7316111685,61859.4738283291,61571.1144151993,62309.4078060831,60601.0322000224,62915.8112103269,55348.8624927608,NA,NA,61235.0120448377,62647.6449107989,54606.878132653
"39",39,"L1UBH","Lake",77.0196230772776,19.6522336706141,64.532624103553,72.9518873975415,23.7876701989063,25.9352043065947,69.1444757710011,75.68542449439,40.2716334272947,NA,NA,11.8792416645924,53.4230112044209,29.5536740876892,63.587700825155,NA,48.5410630698293,34.0438213673857,78.4514451166497,116.534844968844,62.3742877657648,69.9805982766304,66.3191582875906,NA,17.2214986765206,49.0541088852814,55.8637030926749,7.83024272762768,60.4149585986297,65.7910265148152,76.3962590041153,57.402152616876,89.8653095834286,57.5705201664045,NA,44.2455952113894,7.31533939485807,NA,56.8309041616163,7.95271785439052,5.24670277147718,13.4249124230168,47.3532854526929,41.7468871440865,NA,34.9241844379056,NA,41.8048800768359,82.0635844825789,31.4088996615682,40.1513241733686,60.8358937367418,56.0330986498022,73.9181777260137,30.3688059573421,76.1900001413889,NA,62.3432952308386,NA,NA,54.6406429776199,79.9429071897126,49.1508314224648,41.8150936980668,57.6375586081549,56.224877443474,66.0872300803907,47.2723207111353,62.3790780874827,68.9470698247727,74.1143787894985,19.1508894017094,63.8311514011592,NA,36.3734950522005,68.6938028531774,69.626030725443,66.6588975649982,58.4266439760925,73.1900194189447,64.3526810354983,59.4633331921887,30.7226002958142,49.8079975315982,75.7368057308765,76.5182155147875,16.9656637014575,60.7240297712672,38.9621590442449,59.4715324959256,58.0977645304449,73.7196668407212,44.1269316322866,54.5452892137168,64.3001511080433,76.7631074317361,71.0547360014156,NA,82.5802183970843,78.4675054778073,NA,87.7523981662798,NA,51.9163304253925,22.9803424591209,72.3347257008383,63.0574677191508,43.4937581160456,78.0841188767199,49.9551788478831,68.5364528728427,76.662823882127,NA,72.9644689658427,67.3334191064777,68.4765570746281,67.5182307596831,NA,36.3110088102595,62.0603596679859,64.4119613698576,64.3920419488912,15.6496751738731,5.6757334321048,55.4824847673933,9.26940289036929,46.930011450445,54.9754044027921,5.69963964352076,43.3241920082329,53.1332832644334,21.8999574681594,54.857207494948,64.5688036863194,61.7270860047811,55.102903592975,64.4989031571985,56.2796638110262,73.4771498074707
"40",40,"L1UBH","Lake",694.852259558201,633.540430116882,631.507714355947,683.926906237279,747.884808641041,705.22128600263,696.614622937526,697.993424008293,735.200878532629,NA,NA,724.441470125215,673.80825042712,689.793546007259,636.831041137437,NA,523.579569578136,488.259853534913,675.095202661282,861.434452877374,634.842635640199,725.14834559482,714.692003907861,NA,633.049408185455,644.972056662344,631.276494115666,614.81171379304,594.252342394227,687.320900733409,721.707169790546,678.667783428103,768.141624897928,633.442721981652,NA,627.689353783394,659.84631660515,NA,672.207396437969,659.486492816426,575.0505341692,601.281094895701,599.827681502549,664.140438524365,NA,792.06580254597,NA,663.888831029717,781.825395216862,569.376271141553,712.133062916064,714.79919029019,685.527270018222,666.856636817724,702.383706790492,757.876952969809,NA,621.702771523846,NA,NA,636.10280112202,683.576251541681,632.464069366528,413.67979959388,527.61942151937,535.704202226096,625.792238883984,529.730900256245,676.769094322497,696.850855048625,649.084521734941,674.015043745182,669.597204513975,NA,655.133489865826,631.448866955333,636.664808548203,553.647078459507,615.271214979893,661.508717972316,561.541519571306,593.161555731485,619.76611884947,664.792255937021,635.469279414002,639.699745734556,655.230667490606,641.15620905577,690.459526788492,628.545227331132,569.152995038763,625.133513818361,549.207846964251,617.946760161965,712.91006728113,684.972149878365,661.431710769668,NA,625.22543820538,725.287690420484,NA,654.794942348671,NA,606.622588532089,676.809315973971,709.292038129291,639.709686908555,652.172204219143,655.631289145075,632.404260630832,688.875879423768,651.109532893026,NA,697.49871819232,644.608753417136,602.071141869299,551.518402878648,NA,643.298040423392,627.550763312494,610.516275414937,607.82342284626,654.68646979439,597.954254100118,533.481193140559,627.023574451974,617.793294621385,625.073493265536,605.080010614543,648.517104568598,680.604349809794,671.913941531547,527.481524075743,659.186253895036,NA,720.582986389245,722.973164041542,716.75192267595,611.749747597692
"41",41,"L1UBH","Lake",NA,7057.4274793536,6281.38150327407,6925.50638857694,7335.81304023582,7159.6589370005,7039.22837001504,NA,6986.87095681479,NA,NA,6618.30649966887,6911.31117795202,7081.51005328699,7117.27066736895,NA,6904.44775379278,6853.5652484723,1439.99839892312,NA,6987.84879697499,NA,NA,5467.97349775239,7019.6088953087,6903.13709051534,6973.20735035576,6843.66006973641,4690.77959100069,7040.7474512596,NA,7167.11249732907,NA,6808.36527236729,6912.53908415496,7061.81577212969,NA,5104.76527652435,6670.03409286579,7337.75158390077,7288.34356174066,6772.11086779382,5455.26680945412,560.505054477552,NA,7158.4663017965,NA,7431.88448444124,6969.77004147907,6790.096126524,NA,708.645434135446,NA,6980.80938485088,NA,NA,NA,6970.92490146355,NA,NA,NA,7429.9726883629,7078.48718123769,5512.59757551065,7251.54040191186,7354.0765191862,NA,6911.01671870203,6953.55494821821,6888.37367040195,7180.35823667599,7172.81745043322,258.196455571715,6797.8170245196,5905.35362073521,7153.68663923491,7104.60780189707,7241.58584023752,NA,6570.16772936901,7202.81999985775,NA,7235.32057741177,7115.83358242981,7214.98043523605,7092.19482608196,NA,NA,7295.17815751414,6904.39807190242,6469.55866175099,NA,NA,6880.43343069123,6727.65859184766,6829.83807396786,6821.18833320286,7022.56748938855,7086.59891915563,7068.20976796475,NA,6930.76918782317,7056.76721818163,276.644331069027,7048.71868903623,7064.27146727732,NA,6720.60188610109,6958.21640496189,NA,7067.92110294369,6954.26996465867,NA,NA,6955.50277254642,NA,7082.46341672266,NA,NA,7162.56035771263,NA,6661.52187044004,NA,NA,NA,NA,6713.2447679325,7273.14584787948,7005.97250225497,NA,7102.98694149049,7135.73696618069,7083.1516986123,6533.69732580774,NA,NA,7129.50720402349,7069.04654777597,6010.6423859148
"42",42,"L2ABG","Lake",6909.62544519428,6683.68970684063,7418.80161530813,6911.33142754593,7163.66962771728,7193.85414071705,7281.1594152214,7780.88855752817,7054.59625493027,NA,NA,6864.1194795072,6961.80881076101,7269.49524753021,7237.38819041964,NA,5507.99420731358,6668.41690339695,6829.67212988714,8016.66458725192,7201.21866089568,6945.98078896691,7268.7399281416,NA,7209.59050356484,7277.66850393628,6790.8252633713,6677.11656923296,6202.39075531224,7146.79434565225,7103.73436013672,7271.82029390153,7249.65038360885,6972.83762510569,NA,7274.57039571308,6518.41410082648,NA,6475.76510015524,7107.46640876828,7008.42815918757,6712.95222518475,7179.39988923683,6996.90325470825,NA,7064.20618950144,NA,7438.06535842174,7671.85666257461,6776.76273286427,6900.62834551441,6988.11861999323,7094.94430925397,6832.54552444213,6720.26393927688,7475.87100251245,NA,7366.12023659328,NA,NA,6789.02777184234,6948.34549185282,6753.41515512083,4798.33303703268,5382.73474846578,6816.16339312199,6685.27112406511,5863.58075568043,6878.54807290833,6844.58218038882,6671.00723009335,6733.58438023552,6739.7557537706,NA,6785.45560911366,6808.44276745928,7138.78590908737,7227.07696523163,6828.71017308732,7055.16502107902,7289.0851814081,6604.13835206972,6761.03585684031,6797.87021595422,7090.66768440458,7197.49681356186,6683.67392121294,6675.37205384707,6889.32878552917,6800.25683450497,6756.6860205021,7503.96997461258,6183.65377698831,6650.84756480981,6751.13882887959,7013.06935116923,6923.89381247041,NA,6860.58694142851,7210.95435846508,NA,7239.81339222784,NA,6646.17487293498,6931.96099523097,6915.35731512847,7060.2127820251,6998.68770757208,7329.52870569457,6644.10853044078,6898.56202494787,7118.12371823217,NA,7073.23704239035,7031.99457668478,7010.85374513425,7152.48349723315,NA,6602.51315990967,6872.12132635631,6283.43177851904,6010.40691429627,7233.68379622817,7134.35708726022,5372.95932686265,6440.41589008746,6518.41380004196,6643.29031134461,6623.72059803034,6644.42082387551,6847.96548314707,6989.31788308859,6561.44358736201,6718.59964627586,NA,7305.18853462712,7210.39554912186,7283.82140368034,6755.36768400795
